-- phpMyAdmin SQL Dump
-- version 5.0.2
-- https://www.phpmyadmin.net/
--
-- Hôte : 127.0.0.1:3306
-- Généré le : jeu. 01 juin 2023 à 07:11
-- Version du serveur :  5.7.31
-- Version de PHP : 7.3.21

SET SQL_MODE = "NO_AUTO_VALUE_ON_ZERO";
START TRANSACTION;
SET time_zone = "+00:00";


/*!40101 SET @OLD_CHARACTER_SET_CLIENT=@@CHARACTER_SET_CLIENT */;
/*!40101 SET @OLD_CHARACTER_SET_RESULTS=@@CHARACTER_SET_RESULTS */;
/*!40101 SET @OLD_COLLATION_CONNECTION=@@COLLATION_CONNECTION */;
/*!40101 SET NAMES utf8mb4 */;

--
-- Base de données : `planning`
--

-- --------------------------------------------------------

--
-- Structure de la table `couleurs`
--

DROP TABLE IF EXISTS `couleurs`;
CREATE TABLE IF NOT EXISTS `couleurs` (
  `couleur_id` int(11) NOT NULL AUTO_INCREMENT,
  `couleur_centre` char(7) NOT NULL,
  `couleur_pae` char(7) NOT NULL,
  `couleur_certif` char(7) NOT NULL,
  `couleur_ran` char(7) NOT NULL,
  `couleur_vacance_demandees` char(7) NOT NULL,
  `couleur_vacance_validee` char(7) NOT NULL,
  `couleur_tt` char(7) NOT NULL,
  `couleur_ferie` char(7) NOT NULL,
  `couleur_weekend` char(7) NOT NULL,
  `couleur_interruption` char(7) NOT NULL,
  `couleur_MNSP` char(7) NOT NULL,
  `couleur_perfectionment` char(7) NOT NULL,
  PRIMARY KEY (`couleur_id`)
) ENGINE=InnoDB AUTO_INCREMENT=2 DEFAULT CHARSET=utf8;

--
-- Déchargement des données de la table `couleurs`
--

INSERT INTO `couleurs` (`couleur_id`, `couleur_centre`, `couleur_pae`, `couleur_certif`, `couleur_ran`, `couleur_vacance_demandees`, `couleur_vacance_validee`, `couleur_tt`, `couleur_ferie`, `couleur_weekend`, `couleur_interruption`, `couleur_MNSP`, `couleur_perfectionment`) VALUES
(1, '#0c39a1', '#ffb3b3', '#32266e', '#0bb116', '#d4ff00', '#ffd500', '#9c69e8', '#0dd9b7', '#4f4f4f', '#5f69b4', '#d70404', '#d800f5');

-- --------------------------------------------------------

--
-- Structure de la table `date_centre`
--

DROP TABLE IF EXISTS `date_centre`;
CREATE TABLE IF NOT EXISTS `date_centre` (
  `id_centre` int(11) NOT NULL AUTO_INCREMENT,
  `date_debut_centre` date DEFAULT NULL,
  `date_fin_centre` date DEFAULT NULL,
  `id_formation` int(11) NOT NULL,
  PRIMARY KEY (`id_centre`),
  KEY `Date_centre_Formation_FK` (`id_formation`)
) ENGINE=InnoDB AUTO_INCREMENT=58 DEFAULT CHARSET=utf8;

--
-- Déchargement des données de la table `date_centre`
--

INSERT INTO `date_centre` (`id_centre`, `date_debut_centre`, `date_fin_centre`, `id_formation`) VALUES
(7, '2023-06-01', '2023-06-30', 3),
(12, '2024-01-10', '2025-03-05', 4),
(13, '2023-06-17', '2023-07-13', 4),
(14, '0001-01-01', '0001-01-01', 4),
(15, '2023-06-16', '2023-08-06', 4),
(16, '2024-12-07', '2024-09-08', 4),
(54, '2023-05-01', '2023-11-15', 1),
(55, '2024-03-15', '2024-07-25', 1),
(56, '2024-06-10', '2024-06-20', 5),
(57, '2023-05-01', '2023-07-23', 2);

-- --------------------------------------------------------

--
-- Structure de la table `date_certif`
--

DROP TABLE IF EXISTS `date_certif`;
CREATE TABLE IF NOT EXISTS `date_certif` (
  `id_certif` int(11) NOT NULL AUTO_INCREMENT,
  `date_debut_certif` date DEFAULT NULL,
  `date_fin_certif` date DEFAULT NULL,
  `id_formation` int(11) NOT NULL,
  PRIMARY KEY (`id_certif`),
  KEY `Date_certif_Formation_FK` (`id_formation`)
) ENGINE=InnoDB AUTO_INCREMENT=28 DEFAULT CHARSET=utf8;

--
-- Déchargement des données de la table `date_certif`
--

INSERT INTO `date_certif` (`id_certif`, `date_debut_certif`, `date_fin_certif`, `id_formation`) VALUES
(4, '2023-07-01', '2023-07-07', 3),
(26, '2024-08-06', '2024-08-10', 1),
(27, '2023-11-01', '2023-11-09', 2);

-- --------------------------------------------------------

--
-- Structure de la table `date_intervention`
--

DROP TABLE IF EXISTS `date_intervention`;
CREATE TABLE IF NOT EXISTS `date_intervention` (
  `id_intervention` int(11) NOT NULL AUTO_INCREMENT,
  `date_debut_intervention` date DEFAULT NULL,
  `date_fin_intervention` date DEFAULT NULL,
  `id_formateur` int(11) NOT NULL,
  `id_formation` int(11) NOT NULL,
  PRIMARY KEY (`id_intervention`),
  KEY `Date_intervention_FK` (`id_formateur`),
  KEY `Date_intervention_formation_FK` (`id_formation`)
) ENGINE=InnoDB AUTO_INCREMENT=16 DEFAULT CHARSET=utf8;

--
-- Déchargement des données de la table `date_intervention`
--

INSERT INTO `date_intervention` (`id_intervention`, `date_debut_intervention`, `date_fin_intervention`, `id_formateur`, `id_formation`) VALUES
(4, '2023-09-11', '2024-01-11', 4, 3),
(7, '2023-05-11', '2023-05-26', 5, 3),
(10, '2023-06-21', '2023-06-23', 4, 4),
(11, '2023-05-01', '2023-05-10', 6, 1),
(12, '2023-05-08', '2023-05-20', 3, 1),
(13, '2023-06-21', '2023-06-23', 4, 2),
(14, '2023-08-25', '2023-09-01', 4, 2),
(15, '2023-09-11', '2024-01-11', 4, 2);

-- --------------------------------------------------------

--
-- Structure de la table `date_mnsp`
--

DROP TABLE IF EXISTS `date_mnsp`;
CREATE TABLE IF NOT EXISTS `date_mnsp` (
  `id_MNSP` int(11) NOT NULL AUTO_INCREMENT,
  `date_debut_MNSP` date DEFAULT NULL,
  `date_fin_MNSP` date DEFAULT NULL,
  `id_formateur` int(11) NOT NULL,
  PRIMARY KEY (`id_MNSP`),
  KEY `id_formateur` (`id_formateur`)
) ENGINE=InnoDB AUTO_INCREMENT=2 DEFAULT CHARSET=utf8;

--
-- Déchargement des données de la table `date_mnsp`
--

INSERT INTO `date_mnsp` (`id_MNSP`, `date_debut_MNSP`, `date_fin_MNSP`, `id_formateur`) VALUES
(1, '2023-05-01', '2023-05-10', 3);

-- --------------------------------------------------------

--
-- Structure de la table `date_pae`
--

DROP TABLE IF EXISTS `date_pae`;
CREATE TABLE IF NOT EXISTS `date_pae` (
  `id_date_pae` int(11) NOT NULL AUTO_INCREMENT,
  `date_debut_pae` date DEFAULT NULL,
  `date_fin_pae` date DEFAULT NULL,
  `id_formation` int(11) NOT NULL,
  PRIMARY KEY (`id_date_pae`),
  KEY `Date_pae_Formation_FK` (`id_formation`)
) ENGINE=InnoDB AUTO_INCREMENT=60 DEFAULT CHARSET=utf8;

--
-- Déchargement des données de la table `date_pae`
--

INSERT INTO `date_pae` (`id_date_pae`, `date_debut_pae`, `date_fin_pae`, `id_formation`) VALUES
(9, '2023-05-01', '2023-05-31', 3),
(55, '2024-07-26', '2024-08-05', 1),
(56, '2023-11-16', '2024-03-14', 1),
(57, '2023-08-30', '2023-10-07', 2),
(58, '2023-05-10', '2023-06-11', 2),
(59, '2023-06-26', '2023-07-15', 2);

-- --------------------------------------------------------

--
-- Structure de la table `date_perfectionnement`
--

DROP TABLE IF EXISTS `date_perfectionnement`;
CREATE TABLE IF NOT EXISTS `date_perfectionnement` (
  `id_perfectionnement` int(11) NOT NULL AUTO_INCREMENT,
  `date_debut_perfectionnement` date DEFAULT NULL,
  `date_fin_perfectionnement` date DEFAULT NULL,
  `id_formateur` int(11) NOT NULL,
  PRIMARY KEY (`id_perfectionnement`),
  KEY `id_formateur` (`id_formateur`)
) ENGINE=InnoDB AUTO_INCREMENT=2 DEFAULT CHARSET=utf8;

--
-- Déchargement des données de la table `date_perfectionnement`
--

INSERT INTO `date_perfectionnement` (`id_perfectionnement`, `date_debut_perfectionnement`, `date_fin_perfectionnement`, `id_formateur`) VALUES
(1, '2023-05-11', '2023-05-13', 3);

-- --------------------------------------------------------

--
-- Structure de la table `date_ran`
--

DROP TABLE IF EXISTS `date_ran`;
CREATE TABLE IF NOT EXISTS `date_ran` (
  `id_ran` int(11) NOT NULL AUTO_INCREMENT,
  `date_debut_ran` date DEFAULT NULL,
  `date_fin_ran` date DEFAULT NULL,
  `id_formation` int(11) NOT NULL,
  PRIMARY KEY (`id_ran`),
  KEY `Date_ran_Formation_FK` (`id_formation`)
) ENGINE=InnoDB AUTO_INCREMENT=28 DEFAULT CHARSET=utf8;

--
-- Déchargement des données de la table `date_ran`
--

INSERT INTO `date_ran` (`id_ran`, `date_debut_ran`, `date_fin_ran`, `id_formation`) VALUES
(4, '2023-04-26', '2023-05-07', 3),
(26, '2023-04-26', '2023-04-30', 1),
(27, '2023-04-30', '2023-05-07', 2);

-- --------------------------------------------------------

--
-- Structure de la table `date_teletravail`
--

DROP TABLE IF EXISTS `date_teletravail`;
CREATE TABLE IF NOT EXISTS `date_teletravail` (
  `id_teletravail` int(11) NOT NULL AUTO_INCREMENT,
  `jour_teletravail` varchar(64) NOT NULL,
  `date_demande_changement` date NOT NULL,
  `date_prise_effet` date DEFAULT NULL,
  `validation` tinyint(1) DEFAULT NULL,
  `id_formateur` int(11) DEFAULT NULL,
  PRIMARY KEY (`id_teletravail`),
  KEY `Date_teletravail_Formateur_FK` (`id_formateur`)
) ENGINE=InnoDB AUTO_INCREMENT=22 DEFAULT CHARSET=utf8;

--
-- Déchargement des données de la table `date_teletravail`
--

INSERT INTO `date_teletravail` (`id_teletravail`, `jour_teletravail`, `date_demande_changement`, `date_prise_effet`, `validation`, `id_formateur`) VALUES
(19, 'lundi,mardi', '2023-05-31', '2023-05-31', 1, 4),
(20, 'mardi,mercredi', '2023-05-31', '2023-06-02', NULL, 4),
(21, 'mardi,mercredi', '2023-05-31', '2023-06-02', NULL, 4);

-- --------------------------------------------------------

--
-- Structure de la table `date_vacance`
--

DROP TABLE IF EXISTS `date_vacance`;
CREATE TABLE IF NOT EXISTS `date_vacance` (
  `id_vacance` int(11) NOT NULL AUTO_INCREMENT,
  `date_debut_vacances` date NOT NULL,
  `date_fin_vacances` date NOT NULL,
  `validation` tinyint(1) DEFAULT NULL,
  `id_formateur` int(11) DEFAULT NULL,
  PRIMARY KEY (`id_vacance`),
  KEY `Date_vacance_Formateur_FK` (`id_formateur`)
) ENGINE=InnoDB AUTO_INCREMENT=4 DEFAULT CHARSET=utf8;

--
-- Déchargement des données de la table `date_vacance`
--

INSERT INTO `date_vacance` (`id_vacance`, `date_debut_vacances`, `date_fin_vacances`, `validation`, `id_formateur`) VALUES
(1, '2023-05-12', '2023-05-19', NULL, 4),
(2, '2023-06-01', '2023-06-15', NULL, 4),
(3, '2023-07-06', '2023-07-13', 1, 4);

-- --------------------------------------------------------

--
-- Structure de la table `formateur`
--

DROP TABLE IF EXISTS `formateur`;
CREATE TABLE IF NOT EXISTS `formateur` (
  `id_formateur` int(11) NOT NULL AUTO_INCREMENT,
  `nom_formateur` varchar(64) NOT NULL,
  `prenom_formateur` varchar(64) NOT NULL,
  `mail_formateur` varchar(128) NOT NULL,
  `mdp_formateur` varchar(255) NOT NULL,
  `type_contrat_formateur` varchar(10) NOT NULL,
  `date_debut_contrat` date DEFAULT NULL,
  `date_fin_contrat` date DEFAULT NULL,
  `permissions_utilisateur` tinyint(4) NOT NULL,
  `numero_grn` int(11) NOT NULL,
  `id_ville` int(11) NOT NULL,
  PRIMARY KEY (`id_formateur`),
  KEY `Formateur_GRN_FK` (`numero_grn`),
  KEY `Formateur_Ville0_FK` (`id_ville`)
) ENGINE=InnoDB AUTO_INCREMENT=8 DEFAULT CHARSET=utf8;

--
-- Déchargement des données de la table `formateur`
--

INSERT INTO `formateur` (`id_formateur`, `nom_formateur`, `prenom_formateur`, `mail_formateur`, `mdp_formateur`, `type_contrat_formateur`, `date_debut_contrat`, `date_fin_contrat`, `permissions_utilisateur`, `numero_grn`, `id_ville`) VALUES
(1, 'Non', 'Attribue', '', '', '', NULL, NULL, 0, 164, 1),
(2, 'Veronique', 'Veronique', 'veronique@veronique.veronique', '$argon2id$v=19$m=65536,t=4,p=2$N2M3VWl3TEJOMDU5TmhocQ$cC3Y9GMdi52uOX7F/4ckLo9gil7MxnIor+UU3fudVHs', 'AUTRE', NULL, NULL, 1, 164, 1),
(3, 'Bezault', 'Sandy', 'bezo@sendi.afpa', '$argon2id$v=19$m=65536,t=4,p=2$a1NuMWdhQTFnZEhLMkdBbw$FW6Z35tEyozZ4oOQ8r1WIaHcLhJsUhog5hTZ+sC7Qq4', 'CDI', '2014-04-17', '0001-01-01', 0, 164, 1),
(4, 'akbari', 'ali', '110.akbari.98@gmail.com', '$argon2id$v=19$m=65536,t=4,p=2$LzBxZmI4bDdHLzJuNVJEQw$3fjk+b06PEas2BHkfJYJBZ7Kd2jCYwM0zY7kLEPa1TA', 'CDI', '2023-05-02', '0001-01-01', 0, 165, 1),
(5, 'bezo', 'sendi', 'bezo@sendi@affpa.fere', '$argon2id$v=19$m=65536,t=4,p=2$SlprOWFhZldBVHFMbkNsRA$sGKVDFBKPhG28zimfZhFdxLx1AM9XTRt7IpxdjwE3Wo', 'CDD', '2014-04-17', '2023-04-27', 0, 164, 1),
(6, 'Rabot', 'Nicolas', 'nicolas@nicolas.nicolas', '$argon2id$v=19$m=65536,t=4,p=2$TllKcU8yNmxXZnFyd0c0Ug$jS6FF3v4ZvHEAe6EiC0JbbvvzHWgXO/mYDQAxtCZ36k', 'INTERIM', '2023-12-10', '2024-02-10', 0, 166, 2),
(7, 'Rabot', 'Nicolas', 'nicolas@nicolas.nicolas', '$argon2id$v=19$m=65536,t=4,p=2$YU5MVElCZFZ6QVJvYzQzQQ$iJRpfq/kcm4L+oESviWEIoPcRhv7N5H4k51rzSWOYOk', 'INTERIM', '2023-12-10', '2024-02-10', 0, 166, 2);

-- --------------------------------------------------------

--
-- Structure de la table `formation`
--

DROP TABLE IF EXISTS `formation`;
CREATE TABLE IF NOT EXISTS `formation` (
  `id_formation` int(11) NOT NULL AUTO_INCREMENT,
  `nom_formation` varchar(128) NOT NULL,
  `acronyme_formation` varchar(24) NOT NULL,
  `description_formation` varchar(128) NOT NULL,
  `candidats_formation` varchar(10) NOT NULL,
  `date_debut_formation` date NOT NULL,
  `date_fin_formation` date NOT NULL,
  `numero_grn` int(11) NOT NULL,
  `id_type_formation` int(11) NOT NULL,
  `id_formateur` int(11) NOT NULL,
  `id_ville` int(11) NOT NULL,
  PRIMARY KEY (`id_formation`),
  KEY `Formation_GRN_FK` (`numero_grn`),
  KEY `Formation_Type_Formation0_FK` (`id_type_formation`),
  KEY `Formation_Formateur1_FK` (`id_formateur`),
  KEY `Formation_Ville2_FK` (`id_ville`)
) ENGINE=InnoDB AUTO_INCREMENT=6 DEFAULT CHARSET=utf8;

--
-- Déchargement des données de la table `formation`
--

INSERT INTO `formation` (`id_formation`, `nom_formation`, `acronyme_formation`, `description_formation`, `candidats_formation`, `date_debut_formation`, `date_fin_formation`, `numero_grn`, `id_type_formation`, `id_formateur`, `id_ville`) VALUES
(1, '164 CDA offre 1099  : 30-04-2023 - 09-11-2023 Tours', 'CDA', '        CDACDACDA', '15 / 10', '2023-04-30', '2023-11-09', 164, 4, 7, 2),
(2, '164 GUC offre 1983  : 26-04-2023 - 10-08-2024 Tours', 'GUC', 'GUCGUCGUC', '', '2023-04-26', '2024-08-10', 164, 1, 7, 2),
(3, '166 B3 offre 1060 : 2023-04-30 - 2023-11-09 Tours', 'B3', 'B3B3B3B3', '', '2023-04-30', '2023-11-09', 166, 3, 1, 2),
(4, '164 1 1 : 0001-01-01 - 0001-01-01 Blois', '1', '1', '', '0001-01-01', '0001-01-01', 164, 1, 1, 1),
(5, '164 RDC offre 0394  : 28-05-2023 - 06-09-2023 Blois', 'RDC', ' Rez De Chaussée', '13 / 9', '2023-05-28', '2023-09-06', 164, 1, 7, 1);

-- --------------------------------------------------------

--
-- Structure de la table `grn`
--

DROP TABLE IF EXISTS `grn`;
CREATE TABLE IF NOT EXISTS `grn` (
  `numero_grn` int(11) NOT NULL,
  `nom_grn` varchar(32) NOT NULL,
  PRIMARY KEY (`numero_grn`)
) ENGINE=InnoDB DEFAULT CHARSET=utf8;

--
-- Déchargement des données de la table `grn`
--

INSERT INTO `grn` (`numero_grn`, `nom_grn`) VALUES
(164, 'Informatique'),
(165, 'Commerce'),
(166, 'Design');

-- --------------------------------------------------------

--
-- Structure de la table `interruption`
--

DROP TABLE IF EXISTS `interruption`;
CREATE TABLE IF NOT EXISTS `interruption` (
  `id_interruption` int(11) NOT NULL AUTO_INCREMENT,
  `date_debut_interruption` date DEFAULT NULL,
  `date_fin_interruption` date DEFAULT NULL,
  `id_formation` int(11) NOT NULL,
  PRIMARY KEY (`id_interruption`),
  KEY `Date_interruption_Formation_FK` (`id_formation`)
) ENGINE=InnoDB AUTO_INCREMENT=15 DEFAULT CHARSET=utf8;

--
-- Déchargement des données de la table `interruption`
--

INSERT INTO `interruption` (`id_interruption`, `date_debut_interruption`, `date_fin_interruption`, `id_formation`) VALUES
(5, '2023-08-01', '2023-11-09', 3),
(10, '2023-08-09', '2023-08-14', 4),
(12, '2024-07-07', '2024-07-07', 5),
(13, '2023-04-28', '2023-05-07', 2),
(14, '2023-05-31', '2023-06-11', 2);

-- --------------------------------------------------------

--
-- Structure de la table `logs`
--

DROP TABLE IF EXISTS `logs`;
CREATE TABLE IF NOT EXISTS `logs` (
  `id` int(11) NOT NULL AUTO_INCREMENT,
  `user_email` varchar(128) DEFAULT NULL,
  `activity_type` varchar(50) DEFAULT NULL,
  `success` tinyint(4) NOT NULL,
  `activity_time` timestamp NOT NULL DEFAULT CURRENT_TIMESTAMP,
  PRIMARY KEY (`id`)
) ENGINE=InnoDB AUTO_INCREMENT=984 DEFAULT CHARSET=utf8;

--
-- Déchargement des données de la table `logs`
--

INSERT INTO `logs` (`id`, `user_email`, `activity_type`, `success`, `activity_time`) VALUES
(1, 'veronique@veronique.veronique', 'UPDATE Dans couleurs', 1, '2023-05-25 12:21:13'),
(2, 'veronique@veronique.veronique', 'UPDATE Dans couleurs', 1, '2023-05-25 12:23:05'),
(3, '110.akbari.98@gmail.com', 'INSERT Dans Date_teletravail', 1, '2023-05-25 12:50:26'),
(4, '110.akbari.98@gmail.com', 'INSERT Dans Date_teletravail', 1, '2023-05-25 12:55:56'),
(5, '110.akbari.98@gmail.com', 'INSERT Dans Date_teletravail', 1, '2023-05-25 12:56:00'),
(6, '110.akbari.98@gmail.com', 'INSERT Dans Date_teletravail', 1, '2023-05-25 12:56:45'),
(7, '110.akbari.98@gmail.com', 'INSERT Dans Date_teletravail', 1, '2023-05-25 12:56:51'),
(8, '110.akbari.98@gmail.com', 'INSERT Dans Date_teletravail', 1, '2023-05-25 13:02:51'),
(9, '110.akbari.98@gmail.com', 'INSERT Dans Date_teletravail', 1, '2023-05-25 13:15:07'),
(10, 'veronique@veronique.veronique', 'UPDATE Dans formateur', 1, '2023-05-25 15:04:02'),
(11, 'veronique@veronique.veronique', 'UPDATE Dans formateur', 1, '2023-05-25 15:04:04'),
(12, 'veronique@veronique.veronique', 'UPDATE Dans formateur', 1, '2023-05-25 15:04:06'),
(13, 'veronique@veronique.veronique', 'UPDATE Dans formateur', 1, '2023-05-25 15:06:43'),
(14, 'veronique@veronique.veronique', 'UPDATE Dans formateur', 1, '2023-05-25 15:08:43'),
(15, 'veronique@veronique.veronique', 'UPDATE Dans formateur', 1, '2023-05-25 15:08:46'),
(16, 'veronique@veronique.veronique', 'UPDATE Dans formateur', 1, '2023-05-25 15:08:55'),
(17, 'veronique@veronique.veronique', 'UPDATE Dans formateur', 1, '2023-05-26 06:31:04'),
(18, '110.akbari.98@gmail.com', 'UPDATE Dans formateur', 1, '2023-05-26 06:34:43'),
(19, '110.akbari.98@gmail.com', 'UPDATE Dans formateur', 1, '2023-05-26 06:34:45'),
(20, '110.akbari.98@gmail.com', 'UPDATE Dans formateur', 1, '2023-05-26 06:34:47'),
(21, '110.akbari.98@gmail.com', 'UPDATE Dans formateur', 1, '2023-05-26 06:34:57'),
(22, 'veronique@veronique.veronique', ' Dans Formateur', 1, '2023-05-26 08:35:01'),
(23, 'veronique@veronique.veronique', ' Dans Formateur', 1, '2023-05-26 08:35:53'),
(24, 'veronique@veronique.veronique', ' Dans Formateur', 1, '2023-05-26 08:36:57'),
(25, 'veronique@veronique.veronique', ' Dans Formateur', 1, '2023-05-26 08:37:33'),
(26, 'veronique@veronique.veronique', ' Dans Formateur', 1, '2023-05-26 08:39:18'),
(27, 'veronique@veronique.veronique', ' Dans Formateur', 1, '2023-05-26 08:39:38'),
(28, 'veronique@veronique.veronique', ' Dans Formateur', 1, '2023-05-26 08:39:56'),
(29, 'veronique@veronique.veronique', ' Dans Formateur', 1, '2023-05-26 08:40:42'),
(30, 'veronique@veronique.veronique', ' Dans Formateur', 1, '2023-05-26 08:41:38'),
(31, 'veronique@veronique.veronique', ' Dans Formateur', 1, '2023-05-26 08:42:08'),
(32, 'veronique@veronique.veronique', ' Dans Formateur', 1, '2023-05-26 08:43:08'),
(33, 'veronique@veronique.veronique', ' Dans Formateur', 1, '2023-05-26 08:43:42'),
(34, 'veronique@veronique.veronique', ' Dans Formateur', 1, '2023-05-26 08:44:58'),
(35, 'veronique@veronique.veronique', ' Dans Formateur', 1, '2023-05-26 08:48:53'),
(36, 'veronique@veronique.veronique', ' Dans Formateur', 1, '2023-05-26 08:48:53'),
(37, 'veronique@veronique.veronique', ' Dans Formateur', 1, '2023-05-26 08:51:37'),
(38, 'veronique@veronique.veronique', ' Dans Formateur', 1, '2023-05-26 08:51:37'),
(39, 'veronique@veronique.veronique', ' Dans Formateur', 1, '2023-05-26 08:53:23'),
(40, 'veronique@veronique.veronique', ' Dans Formateur', 1, '2023-05-26 08:53:23'),
(41, 'veronique@veronique.veronique', ' Dans Formateur', 1, '2023-05-26 08:55:39'),
(42, 'veronique@veronique.veronique', ' Dans Formateur', 1, '2023-05-26 08:55:39'),
(43, 'veronique@veronique.veronique', ' Dans Formateur', 1, '2023-05-26 08:56:43'),
(44, 'veronique@veronique.veronique', ' Dans Formateur', 1, '2023-05-26 08:56:43'),
(45, 'veronique@veronique.veronique', ' Dans Formateur', 1, '2023-05-26 09:00:05'),
(46, 'veronique@veronique.veronique', ' Dans Formateur', 1, '2023-05-26 09:00:05'),
(47, 'veronique@veronique.veronique', ' Dans Formateur', 1, '2023-05-26 09:00:44'),
(48, 'veronique@veronique.veronique', ' Dans Formateur', 1, '2023-05-26 09:00:44'),
(49, 'veronique@veronique.veronique', ' Dans Formateur', 1, '2023-05-26 09:01:02'),
(50, 'veronique@veronique.veronique', ' Dans Formateur', 1, '2023-05-26 09:01:02'),
(51, 'veronique@veronique.veronique', ' Dans Formateur', 1, '2023-05-26 09:01:45'),
(52, 'veronique@veronique.veronique', ' Dans Formateur', 1, '2023-05-26 09:01:45'),
(53, 'veronique@veronique.veronique', ' Dans Formateur', 1, '2023-05-26 09:02:16'),
(54, 'veronique@veronique.veronique', ' Dans Formateur', 1, '2023-05-26 09:02:16'),
(55, 'veronique@veronique.veronique', ' Dans Formateur', 1, '2023-05-26 09:08:03'),
(56, 'veronique@veronique.veronique', ' Dans Formateur', 1, '2023-05-26 09:08:03'),
(57, 'veronique@veronique.veronique', ' Dans Formateur', 1, '2023-05-26 09:13:31'),
(58, 'veronique@veronique.veronique', ' Dans Formateur', 1, '2023-05-26 09:13:31'),
(59, 'veronique@veronique.veronique', ' Dans Formateur', 1, '2023-05-26 09:13:32'),
(60, 'veronique@veronique.veronique', ' Dans Formateur', 1, '2023-05-26 09:13:32'),
(61, 'veronique@veronique.veronique', ' Dans Formateur', 1, '2023-05-26 09:14:04'),
(62, 'veronique@veronique.veronique', ' Dans Formateur', 1, '2023-05-26 09:14:04'),
(63, 'veronique@veronique.veronique', ' Dans Formateur', 1, '2023-05-26 09:15:25'),
(64, 'veronique@veronique.veronique', ' Dans Formateur', 1, '2023-05-26 09:15:25'),
(65, 'veronique@veronique.veronique', ' Dans Formateur', 1, '2023-05-26 09:17:01'),
(66, 'veronique@veronique.veronique', ' Dans Formateur', 1, '2023-05-26 09:17:01'),
(67, 'veronique@veronique.veronique', ' Dans Formateur', 1, '2023-05-26 09:17:44'),
(68, 'veronique@veronique.veronique', ' Dans Formateur', 1, '2023-05-26 09:17:44'),
(69, 'veronique@veronique.veronique', ' Dans Formateur', 1, '2023-05-26 09:21:57'),
(70, 'veronique@veronique.veronique', ' Dans Formateur', 1, '2023-05-26 09:21:57'),
(71, 'veronique@veronique.veronique', ' Dans Formateur', 1, '2023-05-26 09:23:47'),
(72, 'veronique@veronique.veronique', ' Dans Formateur', 1, '2023-05-26 09:23:47'),
(73, 'veronique@veronique.veronique', ' Dans Formateur', 1, '2023-05-26 09:24:22'),
(74, 'veronique@veronique.veronique', ' Dans Formateur', 1, '2023-05-26 09:24:22'),
(75, 'veronique@veronique.veronique', ' Dans Formateur', 1, '2023-05-26 09:24:39'),
(76, 'veronique@veronique.veronique', ' Dans Formateur', 1, '2023-05-26 09:24:39'),
(77, 'veronique@veronique.veronique', ' Dans Formateur', 1, '2023-05-26 09:25:29'),
(78, 'veronique@veronique.veronique', ' Dans Formateur', 1, '2023-05-26 09:25:29'),
(79, 'veronique@veronique.veronique', ' Dans Formateur', 1, '2023-05-26 09:25:46'),
(80, 'veronique@veronique.veronique', ' Dans Formateur', 1, '2023-05-26 09:25:46'),
(81, 'veronique@veronique.veronique', ' Dans Formateur', 1, '2023-05-26 09:26:24'),
(82, 'veronique@veronique.veronique', ' Dans Formateur', 1, '2023-05-26 09:26:24'),
(83, 'veronique@veronique.veronique', ' Dans Formateur', 1, '2023-05-26 09:27:31'),
(84, 'veronique@veronique.veronique', ' Dans Formateur', 1, '2023-05-26 09:27:31'),
(85, 'veronique@veronique.veronique', ' Dans Formateur', 1, '2023-05-26 09:28:35'),
(86, 'veronique@veronique.veronique', ' Dans Formateur', 1, '2023-05-26 09:28:35'),
(87, 'veronique@veronique.veronique', ' Dans Formateur', 1, '2023-05-26 09:28:50'),
(88, 'veronique@veronique.veronique', ' Dans Formateur', 1, '2023-05-26 09:28:50'),
(89, 'veronique@veronique.veronique', ' Dans Formateur', 1, '2023-05-26 10:10:50'),
(90, 'veronique@veronique.veronique', ' Dans Formateur', 1, '2023-05-26 10:10:50'),
(91, 'veronique@veronique.veronique', ' Dans Formateur', 1, '2023-05-26 10:11:23'),
(92, 'veronique@veronique.veronique', ' Dans Formateur', 1, '2023-05-26 10:11:23'),
(93, 'veronique@veronique.veronique', ' Dans Formateur', 1, '2023-05-26 10:11:30'),
(94, 'veronique@veronique.veronique', ' Dans Formateur', 1, '2023-05-26 10:11:30'),
(95, 'veronique@veronique.veronique', ' Dans Formateur', 1, '2023-05-26 10:11:58'),
(96, 'veronique@veronique.veronique', ' Dans Formateur', 1, '2023-05-26 10:11:58'),
(97, 'veronique@veronique.veronique', ' Dans Formateur', 1, '2023-05-26 10:12:33'),
(98, 'veronique@veronique.veronique', ' Dans Formateur', 1, '2023-05-26 10:12:33'),
(99, 'veronique@veronique.veronique', ' Dans Formateur', 1, '2023-05-26 10:12:35'),
(100, 'veronique@veronique.veronique', ' Dans Formateur', 1, '2023-05-26 10:12:35'),
(101, 'veronique@veronique.veronique', ' Dans Formateur', 1, '2023-05-26 10:12:47'),
(102, 'veronique@veronique.veronique', ' Dans Formateur', 1, '2023-05-26 10:12:47'),
(103, 'veronique@veronique.veronique', ' Dans Formateur', 1, '2023-05-26 10:12:48'),
(104, 'veronique@veronique.veronique', ' Dans Formateur', 1, '2023-05-26 10:12:48'),
(105, 'veronique@veronique.veronique', ' Dans Formateur', 1, '2023-05-26 10:13:22'),
(106, 'veronique@veronique.veronique', ' Dans Formateur', 1, '2023-05-26 10:13:22'),
(107, 'veronique@veronique.veronique', ' Dans Formateur', 1, '2023-05-26 10:16:46'),
(108, 'veronique@veronique.veronique', ' Dans Formateur', 1, '2023-05-26 10:16:46'),
(109, 'veronique@veronique.veronique', ' Dans Formateur', 1, '2023-05-30 06:42:28'),
(110, 'veronique@veronique.veronique', ' Dans Formateur', 1, '2023-05-30 06:42:28'),
(111, 'veronique@veronique.veronique', ' Dans Formateur', 1, '2023-05-30 06:42:28'),
(112, 'veronique@veronique.veronique', ' Dans Formateur', 1, '2023-05-30 06:42:28'),
(113, 'veronique@veronique.veronique', ' Dans Formateur', 1, '2023-05-30 06:42:29'),
(114, 'veronique@veronique.veronique', ' Dans Formateur', 1, '2023-05-30 06:42:29'),
(115, 'veronique@veronique.veronique', ' Dans Formateur', 1, '2023-05-30 06:42:29'),
(116, 'veronique@veronique.veronique', ' Dans Formateur', 1, '2023-05-30 06:42:29'),
(117, 'veronique@veronique.veronique', ' Dans Formateur', 1, '2023-05-30 06:42:29'),
(118, 'veronique@veronique.veronique', ' Dans Formateur', 1, '2023-05-30 06:42:29'),
(119, 'veronique@veronique.veronique', ' Dans Formateur', 1, '2023-05-30 06:42:29'),
(120, 'veronique@veronique.veronique', ' Dans Formateur', 1, '2023-05-30 06:42:29'),
(121, 'veronique@veronique.veronique', ' Dans Formateur', 1, '2023-05-30 06:42:29'),
(122, 'veronique@veronique.veronique', ' Dans Formateur', 1, '2023-05-30 06:42:29'),
(123, 'veronique@veronique.veronique', ' Dans Formateur', 1, '2023-05-30 06:42:29'),
(124, 'veronique@veronique.veronique', ' Dans Formateur', 1, '2023-05-30 06:42:29'),
(125, 'veronique@veronique.veronique', ' Dans Formateur', 1, '2023-05-30 06:42:29'),
(126, 'veronique@veronique.veronique', ' Dans Formateur', 1, '2023-05-30 06:42:29'),
(127, 'veronique@veronique.veronique', ' Dans Formateur', 1, '2023-05-30 06:42:29'),
(128, 'veronique@veronique.veronique', ' Dans Formateur', 1, '2023-05-30 06:42:29'),
(129, 'veronique@veronique.veronique', ' Dans Formateur', 1, '2023-05-30 06:45:47'),
(130, 'veronique@veronique.veronique', ' Dans Formateur', 1, '2023-05-30 06:45:47'),
(131, 'veronique@veronique.veronique', ' Dans Formateur', 1, '2023-05-30 06:46:51'),
(132, 'veronique@veronique.veronique', ' Dans Formateur', 1, '2023-05-30 06:46:51'),
(133, 'veronique@veronique.veronique', ' Dans Formateur', 1, '2023-05-30 06:47:07'),
(134, 'veronique@veronique.veronique', ' Dans Formateur', 1, '2023-05-30 06:47:07'),
(135, 'veronique@veronique.veronique', ' Dans Formateur', 1, '2023-05-30 06:56:13'),
(136, 'veronique@veronique.veronique', ' Dans Formateur', 1, '2023-05-30 06:56:13'),
(137, 'veronique@veronique.veronique', ' Dans Formateur', 1, '2023-05-30 06:59:57'),
(138, 'veronique@veronique.veronique', ' Dans Formateur', 1, '2023-05-30 06:59:57'),
(139, 'veronique@veronique.veronique', ' Dans Formateur', 1, '2023-05-30 07:00:29'),
(140, 'veronique@veronique.veronique', ' Dans Formateur', 1, '2023-05-30 07:00:29'),
(141, 'veronique@veronique.veronique', ' Dans Formateur', 1, '2023-05-30 07:01:14'),
(142, 'veronique@veronique.veronique', ' Dans Formateur', 1, '2023-05-30 07:01:14'),
(143, 'veronique@veronique.veronique', ' Dans Formateur', 1, '2023-05-30 07:01:22'),
(144, 'veronique@veronique.veronique', ' Dans Formateur', 1, '2023-05-30 07:01:22'),
(145, 'veronique@veronique.veronique', ' Dans Formateur', 1, '2023-05-30 07:01:35'),
(146, 'veronique@veronique.veronique', ' Dans Formateur', 1, '2023-05-30 07:01:35'),
(147, 'veronique@veronique.veronique', ' Dans Formateur', 1, '2023-05-30 07:02:13'),
(148, 'veronique@veronique.veronique', ' Dans Formateur', 1, '2023-05-30 07:02:13'),
(149, 'veronique@veronique.veronique', ' Dans Formateur', 1, '2023-05-30 07:02:29'),
(150, 'veronique@veronique.veronique', ' Dans Formateur', 1, '2023-05-30 07:02:29'),
(151, 'veronique@veronique.veronique', ' Dans Formateur', 1, '2023-05-30 07:02:41'),
(152, 'veronique@veronique.veronique', ' Dans Formateur', 1, '2023-05-30 07:02:41'),
(153, 'veronique@veronique.veronique', ' Dans Formateur', 1, '2023-05-30 07:02:52'),
(154, 'veronique@veronique.veronique', ' Dans Formateur', 1, '2023-05-30 07:02:52'),
(155, 'veronique@veronique.veronique', ' Dans Formateur', 1, '2023-05-30 07:04:22'),
(156, 'veronique@veronique.veronique', ' Dans Formateur', 1, '2023-05-30 07:04:22'),
(157, 'veronique@veronique.veronique', ' Dans Formateur', 1, '2023-05-30 07:04:26'),
(158, 'veronique@veronique.veronique', ' Dans Formateur', 1, '2023-05-30 07:04:26'),
(159, 'veronique@veronique.veronique', ' Dans Formateur', 1, '2023-05-30 07:04:37'),
(160, 'veronique@veronique.veronique', ' Dans Formateur', 1, '2023-05-30 07:04:37'),
(161, 'veronique@veronique.veronique', ' Dans Formateur', 1, '2023-05-30 07:05:19'),
(162, 'veronique@veronique.veronique', ' Dans Formateur', 1, '2023-05-30 07:05:19'),
(163, 'veronique@veronique.veronique', ' Dans Formateur', 1, '2023-05-30 07:06:33'),
(164, 'veronique@veronique.veronique', ' Dans Formateur', 1, '2023-05-30 07:06:33'),
(165, 'veronique@veronique.veronique', ' Dans Formateur', 1, '2023-05-30 07:29:54'),
(166, 'veronique@veronique.veronique', ' Dans Formateur', 1, '2023-05-30 07:29:54'),
(167, 'veronique@veronique.veronique', ' Dans Formateur', 1, '2023-05-30 07:30:26'),
(168, 'veronique@veronique.veronique', ' Dans Formateur', 1, '2023-05-30 07:30:26'),
(169, 'veronique@veronique.veronique', ' Dans Formateur', 1, '2023-05-30 07:31:21'),
(170, 'veronique@veronique.veronique', ' Dans Formateur', 1, '2023-05-30 07:31:21'),
(171, 'veronique@veronique.veronique', ' Dans Formateur', 1, '2023-05-30 07:33:24'),
(172, 'veronique@veronique.veronique', ' Dans Formateur', 1, '2023-05-30 07:33:24'),
(173, 'veronique@veronique.veronique', ' Dans Formateur', 1, '2023-05-30 07:33:35'),
(174, 'veronique@veronique.veronique', ' Dans Formateur', 1, '2023-05-30 07:33:35'),
(175, 'veronique@veronique.veronique', ' Dans Formateur', 1, '2023-05-30 07:38:32'),
(176, 'veronique@veronique.veronique', ' Dans Formateur', 1, '2023-05-30 07:38:32'),
(177, 'veronique@veronique.veronique', ' Dans Formateur', 1, '2023-05-30 07:38:33'),
(178, 'veronique@veronique.veronique', ' Dans Formateur', 1, '2023-05-30 07:38:33'),
(179, 'veronique@veronique.veronique', ' Dans Formateur', 1, '2023-05-30 07:38:36'),
(180, 'veronique@veronique.veronique', ' Dans Formateur', 1, '2023-05-30 07:38:36'),
(181, 'veronique@veronique.veronique', ' Dans Formateur', 1, '2023-05-30 07:38:45'),
(182, 'veronique@veronique.veronique', ' Dans Formateur', 1, '2023-05-30 07:38:45'),
(183, 'veronique@veronique.veronique', ' Dans Formateur', 1, '2023-05-30 07:39:53'),
(184, 'veronique@veronique.veronique', ' Dans Formateur', 1, '2023-05-30 07:39:53'),
(185, 'veronique@veronique.veronique', ' Dans Formateur', 1, '2023-05-30 07:40:05'),
(186, 'veronique@veronique.veronique', ' Dans Formateur', 1, '2023-05-30 07:40:05'),
(187, 'veronique@veronique.veronique', ' Dans Formateur', 1, '2023-05-30 07:40:32'),
(188, 'veronique@veronique.veronique', ' Dans Formateur', 1, '2023-05-30 07:40:32'),
(189, 'veronique@veronique.veronique', ' Dans Formateur', 1, '2023-05-30 07:41:18'),
(190, 'veronique@veronique.veronique', ' Dans Formateur', 1, '2023-05-30 07:41:18'),
(191, 'veronique@veronique.veronique', ' Dans Formateur', 1, '2023-05-30 07:41:49'),
(192, 'veronique@veronique.veronique', ' Dans Formateur', 1, '2023-05-30 07:41:49'),
(193, 'veronique@veronique.veronique', ' Dans Formateur', 1, '2023-05-30 07:43:22'),
(194, 'veronique@veronique.veronique', ' Dans Formateur', 1, '2023-05-30 07:43:22'),
(195, 'veronique@veronique.veronique', ' Dans Formateur', 1, '2023-05-30 07:43:23'),
(196, 'veronique@veronique.veronique', ' Dans Formateur', 1, '2023-05-30 07:43:23'),
(197, 'veronique@veronique.veronique', ' Dans Formateur', 1, '2023-05-30 07:43:57'),
(198, 'veronique@veronique.veronique', ' Dans Formateur', 1, '2023-05-30 07:43:57'),
(199, 'veronique@veronique.veronique', ' Dans Formateur', 1, '2023-05-30 07:43:58'),
(200, 'veronique@veronique.veronique', ' Dans Formateur', 1, '2023-05-30 07:43:58'),
(201, 'veronique@veronique.veronique', ' Dans Formateur', 1, '2023-05-30 07:44:11'),
(202, 'veronique@veronique.veronique', ' Dans Formateur', 1, '2023-05-30 07:44:11'),
(203, 'veronique@veronique.veronique', ' Dans Formateur', 1, '2023-05-30 07:44:29'),
(204, 'veronique@veronique.veronique', ' Dans Formateur', 1, '2023-05-30 07:44:29'),
(205, 'veronique@veronique.veronique', ' Dans Formateur', 1, '2023-05-30 07:44:52'),
(206, 'veronique@veronique.veronique', ' Dans Formateur', 1, '2023-05-30 07:44:52'),
(207, 'veronique@veronique.veronique', ' Dans Formateur', 1, '2023-05-30 07:46:22'),
(208, 'veronique@veronique.veronique', ' Dans Formateur', 1, '2023-05-30 07:46:22'),
(209, 'veronique@veronique.veronique', ' Dans Formateur', 1, '2023-05-30 07:46:34'),
(210, 'veronique@veronique.veronique', ' Dans Formateur', 1, '2023-05-30 07:46:34'),
(211, 'veronique@veronique.veronique', ' Dans Formateur', 1, '2023-05-30 08:02:53'),
(212, 'veronique@veronique.veronique', ' Dans Formateur', 1, '2023-05-30 08:02:53'),
(213, 'veronique@veronique.veronique', ' Dans Formateur', 1, '2023-05-30 08:02:53'),
(214, 'veronique@veronique.veronique', ' Dans Formateur', 1, '2023-05-30 08:02:53'),
(215, 'veronique@veronique.veronique', ' Dans Formateur', 1, '2023-05-30 08:02:53'),
(216, 'veronique@veronique.veronique', ' Dans Formateur', 1, '2023-05-30 08:02:53'),
(217, 'veronique@veronique.veronique', ' Dans Formateur', 1, '2023-05-30 08:02:53'),
(218, 'veronique@veronique.veronique', ' Dans Formateur', 1, '2023-05-30 08:02:53'),
(219, 'veronique@veronique.veronique', ' Dans Formateur', 1, '2023-05-30 08:02:53'),
(220, 'veronique@veronique.veronique', ' Dans Formateur', 1, '2023-05-30 08:02:53'),
(221, 'veronique@veronique.veronique', ' Dans Formateur', 1, '2023-05-30 08:02:53'),
(222, 'veronique@veronique.veronique', ' Dans Formateur', 1, '2023-05-30 08:02:53'),
(223, 'veronique@veronique.veronique', ' Dans Formateur', 1, '2023-05-30 08:02:53'),
(224, 'veronique@veronique.veronique', ' Dans Formateur', 1, '2023-05-30 08:02:53'),
(225, 'veronique@veronique.veronique', ' Dans Formateur', 1, '2023-05-30 08:02:53'),
(226, 'veronique@veronique.veronique', ' Dans Formateur', 1, '2023-05-30 08:02:53'),
(227, 'veronique@veronique.veronique', ' Dans Formateur', 1, '2023-05-30 08:02:53'),
(228, 'veronique@veronique.veronique', ' Dans Formateur', 1, '2023-05-30 08:02:53'),
(229, 'veronique@veronique.veronique', ' Dans Formateur', 1, '2023-05-30 08:02:53'),
(230, 'veronique@veronique.veronique', ' Dans Formateur', 1, '2023-05-30 08:02:53'),
(231, 'veronique@veronique.veronique', ' Dans Formateur', 1, '2023-05-30 08:03:19'),
(232, 'veronique@veronique.veronique', ' Dans Formateur', 1, '2023-05-30 08:03:19'),
(233, 'veronique@veronique.veronique', ' Dans Formateur', 1, '2023-05-30 08:04:37'),
(234, 'veronique@veronique.veronique', ' Dans Formateur', 1, '2023-05-30 08:04:37'),
(235, 'veronique@veronique.veronique', ' Dans Formateur', 1, '2023-05-30 08:05:03'),
(236, 'veronique@veronique.veronique', ' Dans Formateur', 1, '2023-05-30 08:05:03'),
(237, 'veronique@veronique.veronique', ' Dans Formateur', 1, '2023-05-30 08:07:05'),
(238, 'veronique@veronique.veronique', ' Dans Formateur', 1, '2023-05-30 08:07:05'),
(239, 'veronique@veronique.veronique', ' Dans Formateur', 1, '2023-05-30 08:07:26'),
(240, 'veronique@veronique.veronique', ' Dans Formateur', 1, '2023-05-30 08:07:26'),
(241, 'veronique@veronique.veronique', ' Dans Formateur', 1, '2023-05-30 08:10:42'),
(242, 'veronique@veronique.veronique', ' Dans Formateur', 1, '2023-05-30 08:10:42'),
(243, 'veronique@veronique.veronique', ' Dans Formateur', 1, '2023-05-30 08:11:18'),
(244, 'veronique@veronique.veronique', ' Dans Formateur', 1, '2023-05-30 08:11:18'),
(245, 'veronique@veronique.veronique', ' Dans Formateur', 1, '2023-05-30 08:11:52'),
(246, 'veronique@veronique.veronique', ' Dans Formateur', 1, '2023-05-30 08:11:52'),
(247, 'veronique@veronique.veronique', ' Dans Formateur', 1, '2023-05-30 08:12:00'),
(248, 'veronique@veronique.veronique', ' Dans Formateur', 1, '2023-05-30 08:12:00'),
(249, 'veronique@veronique.veronique', ' Dans Formateur', 1, '2023-05-30 08:14:08'),
(250, 'veronique@veronique.veronique', ' Dans Formateur', 1, '2023-05-30 08:14:08'),
(251, 'veronique@veronique.veronique', ' Dans Formateur', 1, '2023-05-30 08:19:41'),
(252, 'veronique@veronique.veronique', ' Dans Formateur', 1, '2023-05-30 08:19:41'),
(253, 'veronique@veronique.veronique', ' Dans Formateur', 1, '2023-05-30 08:20:56'),
(254, 'veronique@veronique.veronique', ' Dans Formateur', 1, '2023-05-30 08:20:56'),
(255, 'veronique@veronique.veronique', ' Dans Formateur', 1, '2023-05-30 08:21:44'),
(256, 'veronique@veronique.veronique', ' Dans Formateur', 1, '2023-05-30 08:21:44'),
(257, 'veronique@veronique.veronique', ' Dans Formateur', 1, '2023-05-30 08:22:05'),
(258, 'veronique@veronique.veronique', ' Dans Formateur', 1, '2023-05-30 08:22:05'),
(259, 'veronique@veronique.veronique', ' Dans Formateur', 1, '2023-05-30 08:22:30'),
(260, 'veronique@veronique.veronique', ' Dans Formateur', 1, '2023-05-30 08:22:30'),
(261, 'veronique@veronique.veronique', ' Dans Formateur', 1, '2023-05-30 08:23:02'),
(262, 'veronique@veronique.veronique', ' Dans Formateur', 1, '2023-05-30 08:23:02'),
(263, 'veronique@veronique.veronique', ' Dans Formateur', 1, '2023-05-30 08:25:36'),
(264, 'veronique@veronique.veronique', ' Dans Formateur', 1, '2023-05-30 08:25:36'),
(265, 'veronique@veronique.veronique', ' Dans Formateur', 1, '2023-05-30 08:25:51'),
(266, 'veronique@veronique.veronique', ' Dans Formateur', 1, '2023-05-30 08:25:51'),
(267, 'veronique@veronique.veronique', ' Dans Formateur', 1, '2023-05-30 08:25:53'),
(268, 'veronique@veronique.veronique', ' Dans Formateur', 1, '2023-05-30 08:25:53'),
(269, 'veronique@veronique.veronique', ' Dans Formateur', 1, '2023-05-30 08:25:59'),
(270, 'veronique@veronique.veronique', ' Dans Formateur', 1, '2023-05-30 08:25:59'),
(271, 'veronique@veronique.veronique', ' Dans Formateur', 1, '2023-05-30 08:27:04'),
(272, 'veronique@veronique.veronique', ' Dans Formateur', 1, '2023-05-30 08:27:04'),
(273, 'veronique@veronique.veronique', ' Dans Formateur', 1, '2023-05-30 08:27:21'),
(274, 'veronique@veronique.veronique', ' Dans Formateur', 1, '2023-05-30 08:27:21'),
(275, 'veronique@veronique.veronique', ' Dans Formateur', 1, '2023-05-30 08:28:27'),
(276, 'veronique@veronique.veronique', ' Dans Formateur', 1, '2023-05-30 08:28:27'),
(277, 'veronique@veronique.veronique', ' Dans Formateur', 1, '2023-05-30 08:28:40'),
(278, 'veronique@veronique.veronique', ' Dans Formateur', 1, '2023-05-30 08:28:40'),
(279, 'veronique@veronique.veronique', ' Dans Formateur', 1, '2023-05-30 08:28:54'),
(280, 'veronique@veronique.veronique', ' Dans Formateur', 1, '2023-05-30 08:28:54'),
(281, 'veronique@veronique.veronique', ' Dans Formateur', 1, '2023-05-30 08:30:15'),
(282, 'veronique@veronique.veronique', ' Dans Formateur', 1, '2023-05-30 08:30:15'),
(283, 'veronique@veronique.veronique', ' Dans Formateur', 1, '2023-05-30 08:31:16'),
(284, 'veronique@veronique.veronique', ' Dans Formateur', 1, '2023-05-30 08:31:16'),
(285, 'veronique@veronique.veronique', ' Dans Formateur', 1, '2023-05-30 08:31:34'),
(286, 'veronique@veronique.veronique', ' Dans Formateur', 1, '2023-05-30 08:31:34'),
(287, 'veronique@veronique.veronique', ' Dans Formateur', 1, '2023-05-30 08:32:36'),
(288, 'veronique@veronique.veronique', ' Dans Formateur', 1, '2023-05-30 08:32:36'),
(289, 'veronique@veronique.veronique', ' Dans Formateur', 1, '2023-05-30 08:34:01'),
(290, 'veronique@veronique.veronique', ' Dans Formateur', 1, '2023-05-30 08:34:01'),
(291, 'veronique@veronique.veronique', ' Dans Formateur', 1, '2023-05-30 08:34:11'),
(292, 'veronique@veronique.veronique', ' Dans Formateur', 1, '2023-05-30 08:34:11'),
(293, 'veronique@veronique.veronique', ' Dans Formateur', 1, '2023-05-30 08:34:12'),
(294, 'veronique@veronique.veronique', ' Dans Formateur', 1, '2023-05-30 08:34:12'),
(295, 'veronique@veronique.veronique', ' Dans Formateur', 1, '2023-05-30 08:34:14'),
(296, 'veronique@veronique.veronique', ' Dans Formateur', 1, '2023-05-30 08:34:14'),
(297, 'veronique@veronique.veronique', ' Dans Formateur', 1, '2023-05-30 08:34:26'),
(298, 'veronique@veronique.veronique', ' Dans Formateur', 1, '2023-05-30 08:34:26'),
(299, 'veronique@veronique.veronique', ' Dans Formateur', 1, '2023-05-30 08:34:40'),
(300, 'veronique@veronique.veronique', ' Dans Formateur', 1, '2023-05-30 08:34:40'),
(301, 'veronique@veronique.veronique', ' Dans Formateur', 1, '2023-05-30 08:34:59'),
(302, 'veronique@veronique.veronique', ' Dans Formateur', 1, '2023-05-30 08:34:59'),
(303, 'veronique@veronique.veronique', ' Dans Formateur', 1, '2023-05-30 08:36:40'),
(304, 'veronique@veronique.veronique', ' Dans Formateur', 1, '2023-05-30 08:36:40'),
(305, 'veronique@veronique.veronique', ' Dans Formateur', 1, '2023-05-30 08:37:25'),
(306, 'veronique@veronique.veronique', ' Dans Formateur', 1, '2023-05-30 08:37:25'),
(307, 'veronique@veronique.veronique', ' Dans Formateur', 1, '2023-05-30 08:37:43'),
(308, 'veronique@veronique.veronique', ' Dans Formateur', 1, '2023-05-30 08:37:43'),
(309, 'veronique@veronique.veronique', ' Dans Formateur', 1, '2023-05-30 08:39:33'),
(310, 'veronique@veronique.veronique', ' Dans Formateur', 1, '2023-05-30 08:39:33'),
(311, 'veronique@veronique.veronique', ' Dans Formateur', 1, '2023-05-30 09:04:55'),
(312, 'veronique@veronique.veronique', ' Dans Formateur', 1, '2023-05-30 09:06:48'),
(313, 'veronique@veronique.veronique', ' Dans Formateur', 1, '2023-05-30 09:07:06'),
(314, 'veronique@veronique.veronique', ' Dans Formateur', 1, '2023-05-30 09:07:31'),
(315, 'veronique@veronique.veronique', ' Dans Formateur', 1, '2023-05-30 09:12:10'),
(316, 'veronique@veronique.veronique', ' Dans Formateur', 1, '2023-05-30 09:12:34'),
(317, 'veronique@veronique.veronique', ' Dans Formateur', 1, '2023-05-30 09:12:54'),
(318, 'veronique@veronique.veronique', ' Dans Formateur', 1, '2023-05-30 09:14:16'),
(319, 'veronique@veronique.veronique', ' Dans Formateur', 1, '2023-05-30 09:15:39'),
(320, 'veronique@veronique.veronique', ' Dans Formateur', 1, '2023-05-30 09:15:44'),
(321, 'veronique@veronique.veronique', ' Dans Formateur', 1, '2023-05-30 09:16:07'),
(322, 'veronique@veronique.veronique', 'UPDATE Dans Formation', 1, '2023-05-30 09:18:00'),
(323, 'veronique@veronique.veronique', 'DELETE Dans Date_ran', 1, '2023-05-30 09:18:00'),
(324, 'veronique@veronique.veronique', 'DELETE Dans Date_pae', 1, '2023-05-30 09:18:00'),
(325, 'veronique@veronique.veronique', 'DELETE Dans Date_centre', 1, '2023-05-30 09:18:00'),
(326, 'veronique@veronique.veronique', 'DELETE Dans Date_certif', 1, '2023-05-30 09:18:00'),
(327, 'veronique@veronique.veronique', 'DELETE Dans Date_intervention', 1, '2023-05-30 09:18:00'),
(328, 'veronique@veronique.veronique', 'DELETE Dans Interruption', 1, '2023-05-30 09:18:00'),
(329, 'veronique@veronique.veronique', 'INSERT Dans Date_pae', 1, '2023-05-30 09:18:00'),
(330, 'veronique@veronique.veronique', 'INSERT Dans Date_pae', 1, '2023-05-30 09:18:00'),
(331, 'veronique@veronique.veronique', 'INSERT Dans Date_pae', 1, '2023-05-30 09:18:00'),
(332, 'veronique@veronique.veronique', 'INSERT Dans Date_centre', 1, '2023-05-30 09:18:00'),
(333, 'veronique@veronique.veronique', 'INSERT Dans Date_ran', 1, '2023-05-30 09:18:00'),
(334, 'veronique@veronique.veronique', 'INSERT Dans Date_certif', 1, '2023-05-30 09:18:00'),
(335, 'veronique@veronique.veronique', 'INSERT Dans Interruption', 1, '2023-05-30 09:18:00'),
(336, 'veronique@veronique.veronique', 'INSERT Dans Interruption', 1, '2023-05-30 09:18:00'),
(337, 'veronique@veronique.veronique', 'INSERT Dans Date_intervention', 1, '2023-05-30 09:18:00'),
(338, 'veronique@veronique.veronique', 'INSERT Dans Date_intervention', 1, '2023-05-30 09:18:00'),
(339, 'veronique@veronique.veronique', 'INSERT Dans Date_intervention', 1, '2023-05-30 09:18:00'),
(340, 'veronique@veronique.veronique', ' Dans Formateur', 1, '2023-05-30 09:18:03'),
(341, 'veronique@veronique.veronique', ' Dans Formateur', 1, '2023-05-30 09:29:31'),
(342, 'veronique@veronique.veronique', ' Dans Formateur', 1, '2023-05-30 09:29:32'),
(343, 'veronique@veronique.veronique', ' Dans Formateur', 1, '2023-05-30 09:29:33'),
(344, 'veronique@veronique.veronique', ' Dans Formateur', 1, '2023-05-30 09:30:17'),
(345, 'veronique@veronique.veronique', ' Dans Formateur', 1, '2023-05-30 09:41:34'),
(346, 'veronique@veronique.veronique', ' Dans Formateur', 1, '2023-05-30 09:41:34'),
(347, 'veronique@veronique.veronique', ' Dans Formateur', 1, '2023-05-30 09:41:34'),
(348, 'veronique@veronique.veronique', ' Dans Formateur', 1, '2023-05-30 09:41:34'),
(349, 'veronique@veronique.veronique', ' Dans Formateur', 1, '2023-05-30 09:41:34'),
(350, 'veronique@veronique.veronique', ' Dans Formateur', 1, '2023-05-30 09:41:34'),
(351, 'veronique@veronique.veronique', ' Dans Formateur', 1, '2023-05-30 09:41:34'),
(352, 'veronique@veronique.veronique', ' Dans Formateur', 1, '2023-05-30 09:41:34'),
(353, 'veronique@veronique.veronique', ' Dans Formateur', 1, '2023-05-30 09:41:35'),
(354, 'veronique@veronique.veronique', ' Dans Formateur', 1, '2023-05-30 09:41:35'),
(355, 'veronique@veronique.veronique', ' Dans Formateur', 1, '2023-05-30 09:41:35'),
(356, 'veronique@veronique.veronique', ' Dans Formateur', 1, '2023-05-30 09:41:35'),
(357, 'veronique@veronique.veronique', ' Dans Formateur', 1, '2023-05-30 09:41:35'),
(358, 'veronique@veronique.veronique', ' Dans Formateur', 1, '2023-05-30 09:41:35'),
(359, 'veronique@veronique.veronique', ' Dans Formateur', 1, '2023-05-30 09:41:35'),
(360, 'veronique@veronique.veronique', ' Dans Formateur', 1, '2023-05-30 09:41:35'),
(361, 'veronique@veronique.veronique', ' Dans Formateur', 1, '2023-05-30 09:41:35'),
(362, 'veronique@veronique.veronique', ' Dans Formateur', 1, '2023-05-30 09:41:35'),
(363, 'veronique@veronique.veronique', ' Dans Formateur', 1, '2023-05-30 09:41:35'),
(364, 'veronique@veronique.veronique', ' Dans Formateur', 1, '2023-05-30 09:41:35'),
(365, 'veronique@veronique.veronique', ' Dans Formateur', 1, '2023-05-30 09:46:24'),
(366, 'veronique@veronique.veronique', ' Dans Formateur', 1, '2023-05-30 09:46:24'),
(367, 'veronique@veronique.veronique', ' Dans Formateur', 1, '2023-05-30 09:46:24'),
(368, 'veronique@veronique.veronique', ' Dans Formateur', 1, '2023-05-30 09:46:24'),
(369, 'veronique@veronique.veronique', ' Dans Formateur', 1, '2023-05-30 09:46:24'),
(370, 'veronique@veronique.veronique', ' Dans Formateur', 1, '2023-05-30 09:46:24'),
(371, 'veronique@veronique.veronique', ' Dans Formateur', 1, '2023-05-30 09:46:24'),
(372, 'veronique@veronique.veronique', ' Dans Formateur', 1, '2023-05-30 09:46:24'),
(373, 'veronique@veronique.veronique', ' Dans Formateur', 1, '2023-05-30 09:46:25'),
(374, 'veronique@veronique.veronique', ' Dans Formateur', 1, '2023-05-30 09:46:25'),
(375, 'veronique@veronique.veronique', ' Dans Formateur', 1, '2023-05-30 09:46:25'),
(376, 'veronique@veronique.veronique', ' Dans Formateur', 1, '2023-05-30 09:46:25'),
(377, 'veronique@veronique.veronique', ' Dans Formateur', 1, '2023-05-30 09:46:25'),
(378, 'veronique@veronique.veronique', ' Dans Formateur', 1, '2023-05-30 09:46:25'),
(379, 'veronique@veronique.veronique', ' Dans Formateur', 1, '2023-05-30 09:46:25'),
(380, 'veronique@veronique.veronique', ' Dans Formateur', 1, '2023-05-30 09:46:25'),
(381, 'veronique@veronique.veronique', ' Dans Formateur', 1, '2023-05-30 09:46:25'),
(382, 'veronique@veronique.veronique', ' Dans Formateur', 1, '2023-05-30 09:46:25'),
(383, 'veronique@veronique.veronique', ' Dans Formateur', 1, '2023-05-30 09:46:25'),
(384, 'veronique@veronique.veronique', ' Dans Formateur', 1, '2023-05-30 09:46:25'),
(385, 'veronique@veronique.veronique', ' Dans Formateur', 1, '2023-05-30 09:46:47'),
(386, 'veronique@veronique.veronique', ' Dans Formateur', 1, '2023-05-30 09:46:47'),
(387, 'veronique@veronique.veronique', ' Dans Formateur', 1, '2023-05-30 09:47:18'),
(388, 'veronique@veronique.veronique', ' Dans Formateur', 1, '2023-05-30 09:47:18'),
(389, 'veronique@veronique.veronique', ' Dans Formateur', 1, '2023-05-30 09:47:59'),
(390, 'veronique@veronique.veronique', ' Dans Formateur', 1, '2023-05-30 09:47:59'),
(391, 'veronique@veronique.veronique', ' Dans Formateur', 1, '2023-05-30 09:52:37'),
(392, 'veronique@veronique.veronique', ' Dans Formateur', 1, '2023-05-30 09:52:37'),
(393, 'veronique@veronique.veronique', ' Dans Formateur', 1, '2023-05-30 09:52:53'),
(394, 'veronique@veronique.veronique', ' Dans Formateur', 1, '2023-05-30 09:52:53'),
(395, 'veronique@veronique.veronique', ' Dans Formateur', 1, '2023-05-30 09:52:54'),
(396, 'veronique@veronique.veronique', ' Dans Formateur', 1, '2023-05-30 09:52:54'),
(397, 'veronique@veronique.veronique', ' Dans Formateur', 1, '2023-05-30 09:52:56'),
(398, 'veronique@veronique.veronique', ' Dans Formateur', 1, '2023-05-30 09:52:56'),
(399, 'veronique@veronique.veronique', ' Dans Formateur', 1, '2023-05-30 10:09:40'),
(400, 'veronique@veronique.veronique', ' Dans Formateur', 1, '2023-05-30 10:09:40'),
(401, 'veronique@veronique.veronique', ' Dans Formateur', 1, '2023-05-30 10:11:34'),
(402, 'veronique@veronique.veronique', ' Dans Formateur', 1, '2023-05-30 10:11:34'),
(403, 'veronique@veronique.veronique', ' Dans Formateur', 1, '2023-05-30 10:11:37'),
(404, 'veronique@veronique.veronique', ' Dans Formateur', 1, '2023-05-30 10:11:37'),
(405, 'veronique@veronique.veronique', ' Dans Formateur', 1, '2023-05-30 11:23:38'),
(406, 'veronique@veronique.veronique', ' Dans Formateur', 1, '2023-05-30 11:23:38'),
(407, 'veronique@veronique.veronique', ' Dans Formateur', 1, '2023-05-30 11:23:46'),
(408, 'veronique@veronique.veronique', ' Dans Formateur', 1, '2023-05-30 11:23:46'),
(409, 'veronique@veronique.veronique', ' Dans Formateur', 1, '2023-05-30 11:24:06'),
(410, 'veronique@veronique.veronique', ' Dans Formateur', 1, '2023-05-30 11:24:06'),
(411, 'veronique@veronique.veronique', ' Dans Formateur', 1, '2023-05-30 11:25:18'),
(412, 'veronique@veronique.veronique', ' Dans Formateur', 1, '2023-05-30 11:25:18'),
(413, 'veronique@veronique.veronique', ' Dans Formateur', 1, '2023-05-30 11:25:20'),
(414, 'veronique@veronique.veronique', ' Dans Formateur', 1, '2023-05-30 11:25:20'),
(415, 'veronique@veronique.veronique', ' Dans Formateur', 1, '2023-05-30 11:28:42'),
(416, 'veronique@veronique.veronique', ' Dans Formateur', 1, '2023-05-30 11:28:42'),
(417, 'veronique@veronique.veronique', ' Dans Formateur', 1, '2023-05-30 11:40:55'),
(418, 'veronique@veronique.veronique', ' Dans Formateur', 1, '2023-05-30 11:40:55'),
(419, 'veronique@veronique.veronique', ' Dans Formateur', 1, '2023-05-30 11:40:57'),
(420, 'veronique@veronique.veronique', ' Dans Formateur', 1, '2023-05-30 11:40:57'),
(421, 'veronique@veronique.veronique', ' Dans Formateur', 1, '2023-05-30 11:40:59'),
(422, 'veronique@veronique.veronique', ' Dans Formateur', 1, '2023-05-30 11:40:59'),
(423, 'veronique@veronique.veronique', ' Dans Formateur', 1, '2023-05-30 11:44:58'),
(424, 'veronique@veronique.veronique', ' Dans Formateur', 1, '2023-05-30 11:44:58'),
(425, 'veronique@veronique.veronique', ' Dans Formateur', 1, '2023-05-30 11:45:00'),
(426, 'veronique@veronique.veronique', ' Dans Formateur', 1, '2023-05-30 11:45:00'),
(427, 'veronique@veronique.veronique', ' Dans Formateur', 1, '2023-05-30 11:47:33'),
(428, 'veronique@veronique.veronique', ' Dans Formateur', 1, '2023-05-30 11:47:33'),
(429, 'veronique@veronique.veronique', ' Dans Formateur', 1, '2023-05-30 11:47:35'),
(430, 'veronique@veronique.veronique', ' Dans Formateur', 1, '2023-05-30 11:47:35'),
(431, 'veronique@veronique.veronique', ' Dans Formateur', 1, '2023-05-30 11:49:04'),
(432, 'veronique@veronique.veronique', ' Dans Formateur', 1, '2023-05-30 11:49:04'),
(433, 'veronique@veronique.veronique', ' Dans Formateur', 1, '2023-05-30 11:49:05'),
(434, 'veronique@veronique.veronique', ' Dans Formateur', 1, '2023-05-30 11:49:05'),
(435, 'veronique@veronique.veronique', ' Dans Formateur', 1, '2023-05-30 11:49:07'),
(436, 'veronique@veronique.veronique', ' Dans Formateur', 1, '2023-05-30 11:49:07'),
(437, 'veronique@veronique.veronique', ' Dans Formateur', 1, '2023-05-30 11:51:34'),
(438, 'veronique@veronique.veronique', ' Dans Formateur', 1, '2023-05-30 11:51:34'),
(439, 'veronique@veronique.veronique', ' Dans Formateur', 1, '2023-05-30 11:51:36'),
(440, 'veronique@veronique.veronique', ' Dans Formateur', 1, '2023-05-30 11:51:36'),
(441, 'veronique@veronique.veronique', ' Dans Formateur', 1, '2023-05-30 11:53:38'),
(442, 'veronique@veronique.veronique', ' Dans Formateur', 1, '2023-05-30 11:53:38'),
(443, 'veronique@veronique.veronique', ' Dans Formateur', 1, '2023-05-30 11:53:40'),
(444, 'veronique@veronique.veronique', ' Dans Formateur', 1, '2023-05-30 11:53:40'),
(445, 'veronique@veronique.veronique', ' Dans Formateur', 1, '2023-05-30 11:53:49'),
(446, 'veronique@veronique.veronique', ' Dans Formateur', 1, '2023-05-30 11:53:49'),
(447, 'veronique@veronique.veronique', ' Dans Formateur', 1, '2023-05-30 11:53:52'),
(448, 'veronique@veronique.veronique', ' Dans Formateur', 1, '2023-05-30 11:53:52'),
(449, 'veronique@veronique.veronique', ' Dans Formateur', 1, '2023-05-30 11:55:08'),
(450, 'veronique@veronique.veronique', ' Dans Formateur', 1, '2023-05-30 11:55:08'),
(451, 'veronique@veronique.veronique', ' Dans Formateur', 1, '2023-05-30 11:56:39'),
(452, 'veronique@veronique.veronique', ' Dans Formateur', 1, '2023-05-30 11:56:39'),
(453, 'veronique@veronique.veronique', ' Dans Formateur', 1, '2023-05-30 11:57:50'),
(454, 'veronique@veronique.veronique', ' Dans Formateur', 1, '2023-05-30 11:57:50'),
(455, 'veronique@veronique.veronique', ' Dans Formateur', 1, '2023-05-30 11:58:24'),
(456, 'veronique@veronique.veronique', ' Dans Formateur', 1, '2023-05-30 11:58:24'),
(457, 'veronique@veronique.veronique', ' Dans Formateur', 1, '2023-05-30 11:58:26'),
(458, 'veronique@veronique.veronique', ' Dans Formateur', 1, '2023-05-30 11:58:26'),
(459, 'veronique@veronique.veronique', ' Dans Formateur', 1, '2023-05-30 11:59:03'),
(460, 'veronique@veronique.veronique', ' Dans Formateur', 1, '2023-05-30 11:59:03'),
(461, 'veronique@veronique.veronique', ' Dans Formateur', 1, '2023-05-30 12:00:05'),
(462, 'veronique@veronique.veronique', ' Dans Formateur', 1, '2023-05-30 12:00:05'),
(463, 'veronique@veronique.veronique', ' Dans Formateur', 1, '2023-05-30 12:04:46'),
(464, 'veronique@veronique.veronique', ' Dans Formateur', 1, '2023-05-30 12:04:46'),
(465, 'veronique@veronique.veronique', ' Dans Formateur', 1, '2023-05-30 12:04:48'),
(466, 'veronique@veronique.veronique', ' Dans Formateur', 1, '2023-05-30 12:04:48'),
(467, 'veronique@veronique.veronique', ' Dans Formateur', 1, '2023-05-30 12:05:57'),
(468, 'veronique@veronique.veronique', ' Dans Formateur', 1, '2023-05-30 12:05:57'),
(469, 'veronique@veronique.veronique', ' Dans Formateur', 1, '2023-05-30 12:05:59'),
(470, 'veronique@veronique.veronique', ' Dans Formateur', 1, '2023-05-30 12:05:59'),
(471, 'veronique@veronique.veronique', ' Dans Formateur', 1, '2023-05-30 12:07:58'),
(472, 'veronique@veronique.veronique', ' Dans Formateur', 1, '2023-05-30 12:07:58'),
(473, 'veronique@veronique.veronique', ' Dans Formateur', 1, '2023-05-30 12:09:16'),
(474, 'veronique@veronique.veronique', ' Dans Formateur', 1, '2023-05-30 12:09:16'),
(475, 'veronique@veronique.veronique', ' Dans Formateur', 1, '2023-05-30 12:10:15'),
(476, 'veronique@veronique.veronique', ' Dans Formateur', 1, '2023-05-30 12:10:15'),
(477, 'veronique@veronique.veronique', ' Dans Formateur', 1, '2023-05-30 12:14:57'),
(478, 'veronique@veronique.veronique', ' Dans Formateur', 1, '2023-05-30 12:14:57'),
(479, 'veronique@veronique.veronique', ' Dans Formateur', 1, '2023-05-30 12:14:57'),
(480, 'veronique@veronique.veronique', ' Dans Formateur', 1, '2023-05-30 12:14:57'),
(481, 'veronique@veronique.veronique', ' Dans Formateur', 1, '2023-05-30 12:14:57'),
(482, 'veronique@veronique.veronique', ' Dans Formateur', 1, '2023-05-30 12:14:57'),
(483, 'veronique@veronique.veronique', ' Dans Formateur', 1, '2023-05-30 12:14:57'),
(484, 'veronique@veronique.veronique', ' Dans Formateur', 1, '2023-05-30 12:14:57'),
(485, 'veronique@veronique.veronique', ' Dans Formateur', 1, '2023-05-30 12:14:57'),
(486, 'veronique@veronique.veronique', ' Dans Formateur', 1, '2023-05-30 12:14:57'),
(487, 'veronique@veronique.veronique', ' Dans Formateur', 1, '2023-05-30 12:14:57'),
(488, 'veronique@veronique.veronique', ' Dans Formateur', 1, '2023-05-30 12:14:57'),
(489, 'veronique@veronique.veronique', ' Dans Formateur', 1, '2023-05-30 12:14:57'),
(490, 'veronique@veronique.veronique', ' Dans Formateur', 1, '2023-05-30 12:14:57'),
(491, 'veronique@veronique.veronique', ' Dans Formateur', 1, '2023-05-30 12:14:57'),
(492, 'veronique@veronique.veronique', ' Dans Formateur', 1, '2023-05-30 12:14:57'),
(493, 'veronique@veronique.veronique', ' Dans Formateur', 1, '2023-05-30 12:14:57'),
(494, 'veronique@veronique.veronique', ' Dans Formateur', 1, '2023-05-30 12:14:57'),
(495, 'veronique@veronique.veronique', ' Dans Formateur', 1, '2023-05-30 12:14:57'),
(496, 'veronique@veronique.veronique', ' Dans Formateur', 1, '2023-05-30 12:14:57'),
(497, 'veronique@veronique.veronique', ' Dans Formateur', 1, '2023-05-30 12:15:18'),
(498, 'veronique@veronique.veronique', ' Dans Formateur', 1, '2023-05-30 12:15:18'),
(499, 'veronique@veronique.veronique', ' Dans Formateur', 1, '2023-05-30 12:17:39'),
(500, 'veronique@veronique.veronique', ' Dans Formateur', 1, '2023-05-30 12:17:39'),
(501, 'veronique@veronique.veronique', ' Dans Formateur', 1, '2023-05-30 12:17:41'),
(502, 'veronique@veronique.veronique', ' Dans Formateur', 1, '2023-05-30 12:17:41'),
(503, 'veronique@veronique.veronique', ' Dans Formateur', 1, '2023-05-30 12:17:42'),
(504, 'veronique@veronique.veronique', ' Dans Formateur', 1, '2023-05-30 12:17:42'),
(505, 'veronique@veronique.veronique', ' Dans Formateur', 1, '2023-05-30 12:18:02'),
(506, 'veronique@veronique.veronique', ' Dans Formateur', 1, '2023-05-30 12:18:02'),
(507, 'veronique@veronique.veronique', ' Dans Formateur', 1, '2023-05-30 12:19:47'),
(508, 'veronique@veronique.veronique', ' Dans Formateur', 1, '2023-05-30 12:19:47'),
(509, 'veronique@veronique.veronique', ' Dans Formateur', 1, '2023-05-30 12:21:03'),
(510, 'veronique@veronique.veronique', ' Dans Formateur', 1, '2023-05-30 12:21:03'),
(511, 'veronique@veronique.veronique', ' Dans Formateur', 1, '2023-05-30 12:23:06'),
(512, 'veronique@veronique.veronique', ' Dans Formateur', 1, '2023-05-30 12:23:06'),
(513, 'veronique@veronique.veronique', ' Dans Formateur', 1, '2023-05-30 12:23:08'),
(514, 'veronique@veronique.veronique', ' Dans Formateur', 1, '2023-05-30 12:23:08'),
(515, 'veronique@veronique.veronique', ' Dans Formateur', 1, '2023-05-30 12:24:00'),
(516, 'veronique@veronique.veronique', ' Dans Formateur', 1, '2023-05-30 12:24:00'),
(517, 'veronique@veronique.veronique', ' Dans Formateur', 1, '2023-05-30 12:24:10'),
(518, 'veronique@veronique.veronique', ' Dans Formateur', 1, '2023-05-30 12:24:10'),
(519, 'veronique@veronique.veronique', ' Dans Formateur', 1, '2023-05-30 12:24:14'),
(520, 'veronique@veronique.veronique', ' Dans Formateur', 1, '2023-05-30 12:24:14'),
(521, 'veronique@veronique.veronique', ' Dans Formateur', 1, '2023-05-30 12:24:35'),
(522, 'veronique@veronique.veronique', ' Dans Formateur', 1, '2023-05-30 12:24:35'),
(523, 'veronique@veronique.veronique', ' Dans Formateur', 1, '2023-05-30 12:24:37'),
(524, 'veronique@veronique.veronique', ' Dans Formateur', 1, '2023-05-30 12:24:37'),
(525, 'veronique@veronique.veronique', ' Dans Formateur', 1, '2023-05-30 12:25:38'),
(526, 'veronique@veronique.veronique', ' Dans Formateur', 1, '2023-05-30 12:25:38'),
(527, 'veronique@veronique.veronique', ' Dans Formateur', 1, '2023-05-30 12:26:47'),
(528, 'veronique@veronique.veronique', ' Dans Formateur', 1, '2023-05-30 12:26:47'),
(529, 'veronique@veronique.veronique', ' Dans Formateur', 1, '2023-05-30 12:26:48'),
(530, 'veronique@veronique.veronique', ' Dans Formateur', 1, '2023-05-30 12:26:48'),
(531, 'veronique@veronique.veronique', ' Dans Formateur', 1, '2023-05-30 12:26:53'),
(532, 'veronique@veronique.veronique', ' Dans Formateur', 1, '2023-05-30 12:26:53'),
(533, 'veronique@veronique.veronique', ' Dans Formateur', 1, '2023-05-30 12:27:23'),
(534, 'veronique@veronique.veronique', ' Dans Formateur', 1, '2023-05-30 12:27:23'),
(535, 'veronique@veronique.veronique', ' Dans Formateur', 1, '2023-05-30 12:27:26'),
(536, 'veronique@veronique.veronique', ' Dans Formateur', 1, '2023-05-30 12:27:26'),
(537, 'veronique@veronique.veronique', ' Dans Formateur', 1, '2023-05-30 12:27:59'),
(538, 'veronique@veronique.veronique', ' Dans Formateur', 1, '2023-05-30 12:27:59'),
(539, 'veronique@veronique.veronique', ' Dans Formateur', 1, '2023-05-30 12:28:05'),
(540, 'veronique@veronique.veronique', ' Dans Formateur', 1, '2023-05-30 12:28:05'),
(541, 'veronique@veronique.veronique', ' Dans Formateur', 1, '2023-05-30 12:28:55'),
(542, 'veronique@veronique.veronique', ' Dans Formateur', 1, '2023-05-30 12:28:55'),
(543, 'veronique@veronique.veronique', ' Dans Formateur', 1, '2023-05-30 12:32:50'),
(544, 'veronique@veronique.veronique', ' Dans Formateur', 1, '2023-05-30 12:32:50'),
(545, 'veronique@veronique.veronique', ' Dans Formateur', 1, '2023-05-30 12:32:53'),
(546, 'veronique@veronique.veronique', ' Dans Formateur', 1, '2023-05-30 12:32:53'),
(547, 'veronique@veronique.veronique', ' Dans Formateur', 1, '2023-05-30 12:35:37'),
(548, 'veronique@veronique.veronique', ' Dans Formateur', 1, '2023-05-30 12:35:37'),
(549, 'veronique@veronique.veronique', ' Dans Formateur', 1, '2023-05-30 12:36:19'),
(550, 'veronique@veronique.veronique', ' Dans Formateur', 1, '2023-05-30 12:36:19'),
(551, 'veronique@veronique.veronique', ' Dans Formateur', 1, '2023-05-30 12:36:27'),
(552, 'veronique@veronique.veronique', ' Dans Formateur', 1, '2023-05-30 12:36:27'),
(553, 'veronique@veronique.veronique', ' Dans Formateur', 1, '2023-05-30 12:39:35'),
(554, 'veronique@veronique.veronique', ' Dans Formateur', 1, '2023-05-30 12:39:35'),
(555, 'veronique@veronique.veronique', ' Dans Formateur', 1, '2023-05-30 12:39:36'),
(556, 'veronique@veronique.veronique', ' Dans Formateur', 1, '2023-05-30 12:39:36'),
(557, 'veronique@veronique.veronique', ' Dans Formateur', 1, '2023-05-30 12:43:30'),
(558, 'veronique@veronique.veronique', ' Dans Formateur', 1, '2023-05-30 12:43:30'),
(559, 'veronique@veronique.veronique', ' Dans Formateur', 1, '2023-05-30 12:44:26'),
(560, 'veronique@veronique.veronique', ' Dans Formateur', 1, '2023-05-30 12:44:26'),
(561, 'veronique@veronique.veronique', ' Dans Formateur', 1, '2023-05-30 12:44:41'),
(562, 'veronique@veronique.veronique', ' Dans Formateur', 1, '2023-05-30 12:44:41'),
(563, 'veronique@veronique.veronique', ' Dans Formateur', 1, '2023-05-30 12:52:20'),
(564, 'veronique@veronique.veronique', ' Dans Formateur', 1, '2023-05-30 12:52:20'),
(565, 'veronique@veronique.veronique', ' Dans Formateur', 1, '2023-05-30 12:52:22'),
(566, 'veronique@veronique.veronique', ' Dans Formateur', 1, '2023-05-30 12:52:22'),
(567, 'veronique@veronique.veronique', ' Dans Formateur', 1, '2023-05-30 12:53:50'),
(568, 'veronique@veronique.veronique', ' Dans Formateur', 1, '2023-05-30 12:53:50'),
(569, 'veronique@veronique.veronique', ' Dans Formateur', 1, '2023-05-30 12:54:09'),
(570, 'veronique@veronique.veronique', ' Dans Formateur', 1, '2023-05-30 12:54:09'),
(571, 'veronique@veronique.veronique', ' Dans Formateur', 1, '2023-05-30 12:54:38'),
(572, 'veronique@veronique.veronique', ' Dans Formateur', 1, '2023-05-30 12:54:38'),
(573, 'veronique@veronique.veronique', ' Dans Formateur', 1, '2023-05-30 12:55:10'),
(574, 'veronique@veronique.veronique', ' Dans Formateur', 1, '2023-05-30 12:55:10'),
(575, 'veronique@veronique.veronique', ' Dans Formateur', 1, '2023-05-30 12:55:42'),
(576, 'veronique@veronique.veronique', ' Dans Formateur', 1, '2023-05-30 12:55:42'),
(577, 'veronique@veronique.veronique', ' Dans Formateur', 1, '2023-05-30 12:55:53'),
(578, 'veronique@veronique.veronique', ' Dans Formateur', 1, '2023-05-30 12:55:53'),
(579, '110.akbari.98@gmail.com', 'INSERT Dans Date_teletravail', 1, '2023-05-31 07:37:07'),
(580, 'veronique@veronique.veronique', 'SELECT Dans Formateur', 1, '2023-05-31 08:01:21'),
(581, 'veronique@veronique.veronique', 'SELECT Dans Formateur', 1, '2023-05-31 08:01:35'),
(582, 'veronique@veronique.veronique', 'SELECT Dans Formateur', 1, '2023-05-31 08:02:10'),
(583, 'veronique@veronique.veronique', ' Dans Formateur', 1, '2023-05-31 08:51:42'),
(584, 'veronique@veronique.veronique', ' Dans Formateur', 1, '2023-05-31 08:51:42'),
(585, 'veronique@veronique.veronique', ' Dans Formateur', 1, '2023-05-31 08:51:42'),
(586, 'veronique@veronique.veronique', ' Dans Formateur', 1, '2023-05-31 08:51:42'),
(587, 'veronique@veronique.veronique', ' Dans Formation', 1, '2023-05-31 08:51:43'),
(588, 'veronique@veronique.veronique', ' Dans Formation', 1, '2023-05-31 08:51:43'),
(589, 'veronique@veronique.veronique', ' Dans Formation', 1, '2023-05-31 08:51:43'),
(590, 'veronique@veronique.veronique', ' Dans Formation', 1, '2023-05-31 08:51:43'),
(591, 'veronique@veronique.veronique', ' Dans Formation', 1, '2023-05-31 08:51:43'),
(592, 'veronique@veronique.veronique', ' Dans Formateur', 1, '2023-05-31 08:54:26'),
(593, 'veronique@veronique.veronique', ' Dans Formateur', 1, '2023-05-31 08:54:26'),
(594, 'veronique@veronique.veronique', ' Dans Formateur', 1, '2023-05-31 08:54:26'),
(595, 'veronique@veronique.veronique', ' Dans Formateur', 1, '2023-05-31 08:54:26'),
(596, 'veronique@veronique.veronique', ' Dans Formation', 1, '2023-05-31 08:54:26'),
(597, 'veronique@veronique.veronique', ' Dans Formation', 1, '2023-05-31 08:54:26'),
(598, 'veronique@veronique.veronique', ' Dans Formation', 1, '2023-05-31 08:54:26'),
(599, 'veronique@veronique.veronique', ' Dans Formation', 1, '2023-05-31 08:54:26');
INSERT INTO `logs` (`id`, `user_email`, `activity_type`, `success`, `activity_time`) VALUES
(600, 'veronique@veronique.veronique', ' Dans Formation', 1, '2023-05-31 08:54:26'),
(601, 'veronique@veronique.veronique', ' Dans Formateur', 1, '2023-05-31 08:55:01'),
(602, 'veronique@veronique.veronique', ' Dans Formateur', 1, '2023-05-31 08:55:01'),
(603, 'veronique@veronique.veronique', ' Dans Formateur', 1, '2023-05-31 08:55:01'),
(604, 'veronique@veronique.veronique', ' Dans Formateur', 1, '2023-05-31 08:55:01'),
(605, 'veronique@veronique.veronique', ' Dans Formation', 1, '2023-05-31 08:55:01'),
(606, 'veronique@veronique.veronique', ' Dans Formation', 1, '2023-05-31 08:55:01'),
(607, 'veronique@veronique.veronique', ' Dans Formation', 1, '2023-05-31 08:55:01'),
(608, 'veronique@veronique.veronique', ' Dans Formation', 1, '2023-05-31 08:55:01'),
(609, 'veronique@veronique.veronique', ' Dans Formation', 1, '2023-05-31 08:55:01'),
(610, 'veronique@veronique.veronique', ' Dans Formateur', 1, '2023-05-31 08:57:45'),
(611, 'veronique@veronique.veronique', ' Dans Formateur', 1, '2023-05-31 08:57:45'),
(612, 'veronique@veronique.veronique', ' Dans Formateur', 1, '2023-05-31 08:57:45'),
(613, 'veronique@veronique.veronique', ' Dans Formateur', 1, '2023-05-31 08:57:45'),
(614, 'veronique@veronique.veronique', ' Dans Formation', 1, '2023-05-31 08:57:45'),
(615, 'veronique@veronique.veronique', ' Dans Formation', 1, '2023-05-31 08:57:45'),
(616, 'veronique@veronique.veronique', ' Dans Formation', 1, '2023-05-31 08:57:45'),
(617, 'veronique@veronique.veronique', ' Dans Formation', 1, '2023-05-31 08:57:45'),
(618, 'veronique@veronique.veronique', ' Dans Formation', 1, '2023-05-31 08:57:45'),
(619, 'veronique@veronique.veronique', ' Dans Formateur', 1, '2023-05-31 08:57:55'),
(620, 'veronique@veronique.veronique', ' Dans Formateur', 1, '2023-05-31 08:57:55'),
(621, 'veronique@veronique.veronique', ' Dans Formateur', 1, '2023-05-31 08:57:55'),
(622, 'veronique@veronique.veronique', ' Dans Formateur', 1, '2023-05-31 08:57:55'),
(623, 'veronique@veronique.veronique', ' Dans Formation', 1, '2023-05-31 08:57:55'),
(624, 'veronique@veronique.veronique', ' Dans Formation', 1, '2023-05-31 08:57:55'),
(625, 'veronique@veronique.veronique', ' Dans Formation', 1, '2023-05-31 08:57:55'),
(626, 'veronique@veronique.veronique', ' Dans Formation', 1, '2023-05-31 08:57:55'),
(627, 'veronique@veronique.veronique', ' Dans Formation', 1, '2023-05-31 08:57:55'),
(628, 'veronique@veronique.veronique', ' Dans Formateur', 1, '2023-05-31 08:58:56'),
(629, 'veronique@veronique.veronique', ' Dans Formateur', 1, '2023-05-31 08:58:56'),
(630, 'veronique@veronique.veronique', ' Dans Formateur', 1, '2023-05-31 08:58:56'),
(631, 'veronique@veronique.veronique', ' Dans Formateur', 1, '2023-05-31 08:58:56'),
(632, 'veronique@veronique.veronique', ' Dans Formation', 1, '2023-05-31 08:58:56'),
(633, 'veronique@veronique.veronique', ' Dans Formation', 1, '2023-05-31 08:58:56'),
(634, 'veronique@veronique.veronique', ' Dans Formation', 1, '2023-05-31 08:58:56'),
(635, 'veronique@veronique.veronique', ' Dans Formation', 1, '2023-05-31 08:58:56'),
(636, 'veronique@veronique.veronique', ' Dans Formation', 1, '2023-05-31 08:58:56'),
(637, 'veronique@veronique.veronique', ' Dans Formateur', 1, '2023-05-31 09:00:15'),
(638, 'veronique@veronique.veronique', ' Dans Formateur', 1, '2023-05-31 09:00:15'),
(639, 'veronique@veronique.veronique', ' Dans Formateur', 1, '2023-05-31 09:00:15'),
(640, 'veronique@veronique.veronique', ' Dans Formateur', 1, '2023-05-31 09:00:15'),
(641, 'veronique@veronique.veronique', ' Dans Formation', 1, '2023-05-31 09:00:15'),
(642, 'veronique@veronique.veronique', ' Dans Formation', 1, '2023-05-31 09:00:15'),
(643, 'veronique@veronique.veronique', ' Dans Formation', 1, '2023-05-31 09:00:15'),
(644, 'veronique@veronique.veronique', ' Dans Formation', 1, '2023-05-31 09:00:15'),
(645, 'veronique@veronique.veronique', ' Dans Formation', 1, '2023-05-31 09:00:15'),
(646, 'veronique@veronique.veronique', ' Dans Formateur', 1, '2023-05-31 09:00:23'),
(647, 'veronique@veronique.veronique', ' Dans Formateur', 1, '2023-05-31 09:00:23'),
(648, 'veronique@veronique.veronique', ' Dans Formateur', 1, '2023-05-31 09:00:23'),
(649, 'veronique@veronique.veronique', ' Dans Formateur', 1, '2023-05-31 09:00:23'),
(650, 'veronique@veronique.veronique', ' Dans Formation', 1, '2023-05-31 09:00:23'),
(651, 'veronique@veronique.veronique', ' Dans Formation', 1, '2023-05-31 09:00:23'),
(652, 'veronique@veronique.veronique', ' Dans Formation', 1, '2023-05-31 09:00:23'),
(653, 'veronique@veronique.veronique', ' Dans Formation', 1, '2023-05-31 09:00:23'),
(654, 'veronique@veronique.veronique', ' Dans Formation', 1, '2023-05-31 09:00:23'),
(655, 'veronique@veronique.veronique', ' Dans Formateur', 1, '2023-05-31 09:00:41'),
(656, 'veronique@veronique.veronique', ' Dans Formateur', 1, '2023-05-31 09:00:41'),
(657, 'veronique@veronique.veronique', ' Dans Formateur', 1, '2023-05-31 09:00:41'),
(658, 'veronique@veronique.veronique', ' Dans Formateur', 1, '2023-05-31 09:00:41'),
(659, 'veronique@veronique.veronique', ' Dans Formation', 1, '2023-05-31 09:00:41'),
(660, 'veronique@veronique.veronique', ' Dans Formation', 1, '2023-05-31 09:00:41'),
(661, 'veronique@veronique.veronique', ' Dans Formation', 1, '2023-05-31 09:00:41'),
(662, 'veronique@veronique.veronique', ' Dans Formation', 1, '2023-05-31 09:00:41'),
(663, 'veronique@veronique.veronique', ' Dans Formation', 1, '2023-05-31 09:00:41'),
(664, 'veronique@veronique.veronique', ' Dans Formateur', 1, '2023-05-31 09:00:59'),
(665, 'veronique@veronique.veronique', ' Dans Formateur', 1, '2023-05-31 09:00:59'),
(666, 'veronique@veronique.veronique', ' Dans Formateur', 1, '2023-05-31 09:00:59'),
(667, 'veronique@veronique.veronique', ' Dans Formateur', 1, '2023-05-31 09:00:59'),
(668, 'veronique@veronique.veronique', ' Dans Formation', 1, '2023-05-31 09:00:59'),
(669, 'veronique@veronique.veronique', ' Dans Formation', 1, '2023-05-31 09:00:59'),
(670, 'veronique@veronique.veronique', ' Dans Formation', 1, '2023-05-31 09:00:59'),
(671, 'veronique@veronique.veronique', ' Dans Formation', 1, '2023-05-31 09:00:59'),
(672, 'veronique@veronique.veronique', ' Dans Formation', 1, '2023-05-31 09:00:59'),
(673, 'veronique@veronique.veronique', ' Dans Formateur', 1, '2023-05-31 09:01:17'),
(674, 'veronique@veronique.veronique', ' Dans Formateur', 1, '2023-05-31 09:01:17'),
(675, 'veronique@veronique.veronique', ' Dans Formateur', 1, '2023-05-31 09:01:17'),
(676, 'veronique@veronique.veronique', ' Dans Formateur', 1, '2023-05-31 09:01:17'),
(677, 'veronique@veronique.veronique', ' Dans Formation', 1, '2023-05-31 09:01:17'),
(678, 'veronique@veronique.veronique', ' Dans Formation', 1, '2023-05-31 09:01:17'),
(679, 'veronique@veronique.veronique', ' Dans Formation', 1, '2023-05-31 09:01:17'),
(680, 'veronique@veronique.veronique', ' Dans Formation', 1, '2023-05-31 09:01:17'),
(681, 'veronique@veronique.veronique', ' Dans Formation', 1, '2023-05-31 09:01:17'),
(682, 'veronique@veronique.veronique', ' Dans Formateur', 1, '2023-05-31 09:04:29'),
(683, 'veronique@veronique.veronique', ' Dans Formateur', 1, '2023-05-31 09:04:29'),
(684, 'veronique@veronique.veronique', ' Dans Formateur', 1, '2023-05-31 09:04:29'),
(685, 'veronique@veronique.veronique', ' Dans Formateur', 1, '2023-05-31 09:04:29'),
(686, 'veronique@veronique.veronique', ' Dans Formation', 1, '2023-05-31 09:04:29'),
(687, 'veronique@veronique.veronique', ' Dans Formation', 1, '2023-05-31 09:04:29'),
(688, 'veronique@veronique.veronique', ' Dans Formation', 1, '2023-05-31 09:04:29'),
(689, 'veronique@veronique.veronique', ' Dans Formation', 1, '2023-05-31 09:04:29'),
(690, 'veronique@veronique.veronique', ' Dans Formation', 1, '2023-05-31 09:04:29'),
(691, 'veronique@veronique.veronique', ' Dans Formateur', 1, '2023-05-31 09:04:42'),
(692, 'veronique@veronique.veronique', ' Dans Formateur', 1, '2023-05-31 09:04:42'),
(693, 'veronique@veronique.veronique', ' Dans Formateur', 1, '2023-05-31 09:04:42'),
(694, 'veronique@veronique.veronique', ' Dans Formateur', 1, '2023-05-31 09:04:42'),
(695, 'veronique@veronique.veronique', ' Dans Formation', 1, '2023-05-31 09:04:42'),
(696, 'veronique@veronique.veronique', ' Dans Formation', 1, '2023-05-31 09:04:42'),
(697, 'veronique@veronique.veronique', ' Dans Formation', 1, '2023-05-31 09:04:42'),
(698, 'veronique@veronique.veronique', ' Dans Formation', 1, '2023-05-31 09:04:42'),
(699, 'veronique@veronique.veronique', ' Dans Formation', 1, '2023-05-31 09:04:42'),
(700, 'veronique@veronique.veronique', ' Dans Formateur', 1, '2023-05-31 09:05:20'),
(701, 'veronique@veronique.veronique', ' Dans Formateur', 1, '2023-05-31 09:05:20'),
(702, 'veronique@veronique.veronique', ' Dans Formateur', 1, '2023-05-31 09:05:20'),
(703, 'veronique@veronique.veronique', ' Dans Formateur', 1, '2023-05-31 09:05:20'),
(704, 'veronique@veronique.veronique', ' Dans Formation', 1, '2023-05-31 09:05:20'),
(705, 'veronique@veronique.veronique', ' Dans Formation', 1, '2023-05-31 09:05:20'),
(706, 'veronique@veronique.veronique', ' Dans Formation', 1, '2023-05-31 09:05:20'),
(707, 'veronique@veronique.veronique', ' Dans Formation', 1, '2023-05-31 09:05:20'),
(708, 'veronique@veronique.veronique', ' Dans Formation', 1, '2023-05-31 09:05:20'),
(709, 'veronique@veronique.veronique', ' Dans Formateur', 1, '2023-05-31 09:05:39'),
(710, 'veronique@veronique.veronique', ' Dans Formateur', 1, '2023-05-31 09:05:39'),
(711, 'veronique@veronique.veronique', ' Dans Formateur', 1, '2023-05-31 09:05:39'),
(712, 'veronique@veronique.veronique', ' Dans Formateur', 1, '2023-05-31 09:05:39'),
(713, 'veronique@veronique.veronique', ' Dans Formation', 1, '2023-05-31 09:05:39'),
(714, 'veronique@veronique.veronique', ' Dans Formation', 1, '2023-05-31 09:05:39'),
(715, 'veronique@veronique.veronique', ' Dans Formation', 1, '2023-05-31 09:05:39'),
(716, 'veronique@veronique.veronique', ' Dans Formation', 1, '2023-05-31 09:05:39'),
(717, 'veronique@veronique.veronique', ' Dans Formation', 1, '2023-05-31 09:05:39'),
(718, 'veronique@veronique.veronique', ' Dans Formateur', 1, '2023-05-31 09:06:23'),
(719, 'veronique@veronique.veronique', ' Dans Formateur', 1, '2023-05-31 09:06:23'),
(720, 'veronique@veronique.veronique', ' Dans Formateur', 1, '2023-05-31 09:06:23'),
(721, 'veronique@veronique.veronique', ' Dans Formateur', 1, '2023-05-31 09:06:23'),
(722, 'veronique@veronique.veronique', ' Dans Formation', 1, '2023-05-31 09:06:23'),
(723, 'veronique@veronique.veronique', ' Dans Formation', 1, '2023-05-31 09:06:23'),
(724, 'veronique@veronique.veronique', ' Dans Formation', 1, '2023-05-31 09:06:23'),
(725, 'veronique@veronique.veronique', ' Dans Formation', 1, '2023-05-31 09:06:23'),
(726, 'veronique@veronique.veronique', ' Dans Formation', 1, '2023-05-31 09:06:23'),
(727, 'veronique@veronique.veronique', ' Dans Formateur', 1, '2023-05-31 09:11:28'),
(728, 'veronique@veronique.veronique', ' Dans Formateur', 1, '2023-05-31 09:11:28'),
(729, 'veronique@veronique.veronique', ' Dans Formateur', 1, '2023-05-31 09:11:28'),
(730, 'veronique@veronique.veronique', ' Dans Formateur', 1, '2023-05-31 09:11:28'),
(731, 'veronique@veronique.veronique', ' Dans Formation', 1, '2023-05-31 09:11:28'),
(732, 'veronique@veronique.veronique', ' Dans Formation', 1, '2023-05-31 09:11:28'),
(733, 'veronique@veronique.veronique', ' Dans Formation', 1, '2023-05-31 09:11:28'),
(734, 'veronique@veronique.veronique', ' Dans Formation', 1, '2023-05-31 09:11:28'),
(735, 'veronique@veronique.veronique', ' Dans Formation', 1, '2023-05-31 09:11:28'),
(736, 'veronique@veronique.veronique', ' Dans Formateur', 1, '2023-05-31 09:11:30'),
(737, 'veronique@veronique.veronique', ' Dans Formateur', 1, '2023-05-31 09:11:30'),
(738, 'veronique@veronique.veronique', ' Dans Formateur', 1, '2023-05-31 09:11:30'),
(739, 'veronique@veronique.veronique', ' Dans Formateur', 1, '2023-05-31 09:11:30'),
(740, 'veronique@veronique.veronique', ' Dans Formation', 1, '2023-05-31 09:11:30'),
(741, 'veronique@veronique.veronique', ' Dans Formation', 1, '2023-05-31 09:11:30'),
(742, 'veronique@veronique.veronique', ' Dans Formation', 1, '2023-05-31 09:11:30'),
(743, 'veronique@veronique.veronique', ' Dans Formation', 1, '2023-05-31 09:11:30'),
(744, 'veronique@veronique.veronique', ' Dans Formation', 1, '2023-05-31 09:11:30'),
(745, 'veronique@veronique.veronique', ' Dans Formateur', 1, '2023-05-31 09:11:31'),
(746, 'veronique@veronique.veronique', ' Dans Formateur', 1, '2023-05-31 09:11:31'),
(747, 'veronique@veronique.veronique', ' Dans Formateur', 1, '2023-05-31 09:11:31'),
(748, 'veronique@veronique.veronique', ' Dans Formateur', 1, '2023-05-31 09:11:31'),
(749, 'veronique@veronique.veronique', ' Dans Formation', 1, '2023-05-31 09:11:31'),
(750, 'veronique@veronique.veronique', ' Dans Formation', 1, '2023-05-31 09:11:31'),
(751, 'veronique@veronique.veronique', ' Dans Formation', 1, '2023-05-31 09:11:31'),
(752, 'veronique@veronique.veronique', ' Dans Formation', 1, '2023-05-31 09:11:31'),
(753, 'veronique@veronique.veronique', ' Dans Formation', 1, '2023-05-31 09:11:31'),
(754, 'veronique@veronique.veronique', ' Dans Formateur', 1, '2023-05-31 09:11:51'),
(755, 'veronique@veronique.veronique', ' Dans Formateur', 1, '2023-05-31 09:11:51'),
(756, 'veronique@veronique.veronique', ' Dans Formateur', 1, '2023-05-31 09:11:51'),
(757, 'veronique@veronique.veronique', ' Dans Formateur', 1, '2023-05-31 09:11:51'),
(758, 'veronique@veronique.veronique', ' Dans Formation', 1, '2023-05-31 09:11:51'),
(759, 'veronique@veronique.veronique', ' Dans Formation', 1, '2023-05-31 09:11:51'),
(760, 'veronique@veronique.veronique', ' Dans Formation', 1, '2023-05-31 09:11:51'),
(761, 'veronique@veronique.veronique', ' Dans Formation', 1, '2023-05-31 09:11:51'),
(762, 'veronique@veronique.veronique', ' Dans Formation', 1, '2023-05-31 09:11:51'),
(763, 'veronique@veronique.veronique', ' Dans Formateur', 1, '2023-05-31 09:12:20'),
(764, 'veronique@veronique.veronique', ' Dans Formateur', 1, '2023-05-31 09:12:20'),
(765, 'veronique@veronique.veronique', ' Dans Formateur', 1, '2023-05-31 09:12:20'),
(766, 'veronique@veronique.veronique', ' Dans Formateur', 1, '2023-05-31 09:12:20'),
(767, 'veronique@veronique.veronique', ' Dans Formation', 1, '2023-05-31 09:12:20'),
(768, 'veronique@veronique.veronique', ' Dans Formation', 1, '2023-05-31 09:12:20'),
(769, 'veronique@veronique.veronique', ' Dans Formation', 1, '2023-05-31 09:12:20'),
(770, 'veronique@veronique.veronique', ' Dans Formation', 1, '2023-05-31 09:12:20'),
(771, 'veronique@veronique.veronique', ' Dans Formation', 1, '2023-05-31 09:12:20'),
(772, 'veronique@veronique.veronique', ' Dans Formateur', 1, '2023-05-31 09:12:32'),
(773, 'veronique@veronique.veronique', ' Dans Formateur', 1, '2023-05-31 09:12:32'),
(774, 'veronique@veronique.veronique', ' Dans Formateur', 1, '2023-05-31 09:12:32'),
(775, 'veronique@veronique.veronique', ' Dans Formateur', 1, '2023-05-31 09:12:32'),
(776, 'veronique@veronique.veronique', ' Dans Formation', 1, '2023-05-31 09:12:32'),
(777, 'veronique@veronique.veronique', ' Dans Formation', 1, '2023-05-31 09:12:32'),
(778, 'veronique@veronique.veronique', ' Dans Formation', 1, '2023-05-31 09:12:32'),
(779, 'veronique@veronique.veronique', ' Dans Formation', 1, '2023-05-31 09:12:32'),
(780, 'veronique@veronique.veronique', ' Dans Formation', 1, '2023-05-31 09:12:32'),
(781, 'veronique@veronique.veronique', ' Dans Formateur', 1, '2023-05-31 09:12:54'),
(782, 'veronique@veronique.veronique', ' Dans Formateur', 1, '2023-05-31 09:12:54'),
(783, 'veronique@veronique.veronique', ' Dans Formateur', 1, '2023-05-31 09:12:54'),
(784, 'veronique@veronique.veronique', ' Dans Formateur', 1, '2023-05-31 09:12:54'),
(785, 'veronique@veronique.veronique', ' Dans Formation', 1, '2023-05-31 09:12:54'),
(786, 'veronique@veronique.veronique', ' Dans Formation', 1, '2023-05-31 09:12:54'),
(787, 'veronique@veronique.veronique', ' Dans Formation', 1, '2023-05-31 09:12:54'),
(788, 'veronique@veronique.veronique', ' Dans Formation', 1, '2023-05-31 09:12:54'),
(789, 'veronique@veronique.veronique', ' Dans Formation', 1, '2023-05-31 09:12:54'),
(790, 'veronique@veronique.veronique', ' Dans Formateur', 1, '2023-05-31 09:13:02'),
(791, 'veronique@veronique.veronique', ' Dans Formateur', 1, '2023-05-31 09:13:02'),
(792, 'veronique@veronique.veronique', ' Dans Formateur', 1, '2023-05-31 09:13:02'),
(793, 'veronique@veronique.veronique', ' Dans Formateur', 1, '2023-05-31 09:13:02'),
(794, 'veronique@veronique.veronique', ' Dans Formation', 1, '2023-05-31 09:13:02'),
(795, 'veronique@veronique.veronique', ' Dans Formation', 1, '2023-05-31 09:13:02'),
(796, 'veronique@veronique.veronique', ' Dans Formation', 1, '2023-05-31 09:13:02'),
(797, 'veronique@veronique.veronique', ' Dans Formation', 1, '2023-05-31 09:13:02'),
(798, 'veronique@veronique.veronique', ' Dans Formation', 1, '2023-05-31 09:13:02'),
(799, 'veronique@veronique.veronique', ' Dans Formateur', 1, '2023-05-31 09:13:50'),
(800, 'veronique@veronique.veronique', ' Dans Formateur', 1, '2023-05-31 09:13:50'),
(801, 'veronique@veronique.veronique', ' Dans Formateur', 1, '2023-05-31 09:13:50'),
(802, 'veronique@veronique.veronique', ' Dans Formateur', 1, '2023-05-31 09:13:50'),
(803, 'veronique@veronique.veronique', ' Dans Formation', 1, '2023-05-31 09:13:50'),
(804, 'veronique@veronique.veronique', ' Dans Formation', 1, '2023-05-31 09:13:50'),
(805, 'veronique@veronique.veronique', ' Dans Formation', 1, '2023-05-31 09:13:50'),
(806, 'veronique@veronique.veronique', ' Dans Formation', 1, '2023-05-31 09:13:50'),
(807, 'veronique@veronique.veronique', ' Dans Formation', 1, '2023-05-31 09:13:50'),
(808, 'veronique@veronique.veronique', ' Dans Formateur', 1, '2023-05-31 09:14:17'),
(809, 'veronique@veronique.veronique', ' Dans Formateur', 1, '2023-05-31 09:14:17'),
(810, 'veronique@veronique.veronique', ' Dans Formateur', 1, '2023-05-31 09:14:17'),
(811, 'veronique@veronique.veronique', ' Dans Formateur', 1, '2023-05-31 09:14:17'),
(812, 'veronique@veronique.veronique', ' Dans Formation', 1, '2023-05-31 09:14:17'),
(813, 'veronique@veronique.veronique', ' Dans Formation', 1, '2023-05-31 09:14:17'),
(814, 'veronique@veronique.veronique', ' Dans Formation', 1, '2023-05-31 09:14:17'),
(815, 'veronique@veronique.veronique', ' Dans Formation', 1, '2023-05-31 09:14:17'),
(816, 'veronique@veronique.veronique', ' Dans Formation', 1, '2023-05-31 09:14:17'),
(817, 'veronique@veronique.veronique', ' Dans Formateur', 1, '2023-05-31 09:14:28'),
(818, 'veronique@veronique.veronique', ' Dans Formateur', 1, '2023-05-31 09:14:28'),
(819, 'veronique@veronique.veronique', ' Dans Formateur', 1, '2023-05-31 09:14:28'),
(820, 'veronique@veronique.veronique', ' Dans Formateur', 1, '2023-05-31 09:14:28'),
(821, 'veronique@veronique.veronique', ' Dans Formation', 1, '2023-05-31 09:14:28'),
(822, 'veronique@veronique.veronique', ' Dans Formation', 1, '2023-05-31 09:14:28'),
(823, 'veronique@veronique.veronique', ' Dans Formation', 1, '2023-05-31 09:14:28'),
(824, 'veronique@veronique.veronique', ' Dans Formation', 1, '2023-05-31 09:14:28'),
(825, 'veronique@veronique.veronique', ' Dans Formation', 1, '2023-05-31 09:14:28'),
(826, 'veronique@veronique.veronique', ' Dans Formateur', 1, '2023-05-31 09:14:38'),
(827, 'veronique@veronique.veronique', ' Dans Formateur', 1, '2023-05-31 09:14:38'),
(828, 'veronique@veronique.veronique', ' Dans Formateur', 1, '2023-05-31 09:14:38'),
(829, 'veronique@veronique.veronique', ' Dans Formateur', 1, '2023-05-31 09:14:38'),
(830, 'veronique@veronique.veronique', ' Dans Formation', 1, '2023-05-31 09:14:38'),
(831, 'veronique@veronique.veronique', ' Dans Formation', 1, '2023-05-31 09:14:38'),
(832, 'veronique@veronique.veronique', ' Dans Formation', 1, '2023-05-31 09:14:38'),
(833, 'veronique@veronique.veronique', ' Dans Formation', 1, '2023-05-31 09:14:38'),
(834, 'veronique@veronique.veronique', ' Dans Formation', 1, '2023-05-31 09:14:38'),
(835, 'veronique@veronique.veronique', ' Dans Formateur', 1, '2023-05-31 09:15:28'),
(836, 'veronique@veronique.veronique', ' Dans Formateur', 1, '2023-05-31 09:15:28'),
(837, 'veronique@veronique.veronique', ' Dans Formateur', 1, '2023-05-31 09:15:28'),
(838, 'veronique@veronique.veronique', ' Dans Formateur', 1, '2023-05-31 09:15:28'),
(839, 'veronique@veronique.veronique', ' Dans Formation', 1, '2023-05-31 09:15:28'),
(840, 'veronique@veronique.veronique', ' Dans Formation', 1, '2023-05-31 09:15:28'),
(841, 'veronique@veronique.veronique', ' Dans Formation', 1, '2023-05-31 09:15:28'),
(842, 'veronique@veronique.veronique', ' Dans Formation', 1, '2023-05-31 09:15:28'),
(843, 'veronique@veronique.veronique', ' Dans Formation', 1, '2023-05-31 09:15:28'),
(844, 'veronique@veronique.veronique', ' Dans Formateur', 1, '2023-05-31 09:15:29'),
(845, 'veronique@veronique.veronique', ' Dans Formateur', 1, '2023-05-31 09:15:29'),
(846, 'veronique@veronique.veronique', ' Dans Formateur', 1, '2023-05-31 09:15:29'),
(847, 'veronique@veronique.veronique', ' Dans Formateur', 1, '2023-05-31 09:15:29'),
(848, 'veronique@veronique.veronique', ' Dans Formation', 1, '2023-05-31 09:15:29'),
(849, 'veronique@veronique.veronique', ' Dans Formation', 1, '2023-05-31 09:15:29'),
(850, 'veronique@veronique.veronique', ' Dans Formation', 1, '2023-05-31 09:15:29'),
(851, 'veronique@veronique.veronique', ' Dans Formation', 1, '2023-05-31 09:15:29'),
(852, 'veronique@veronique.veronique', ' Dans Formation', 1, '2023-05-31 09:15:29'),
(853, 'veronique@veronique.veronique', ' Dans Formateur', 1, '2023-05-31 09:15:46'),
(854, 'veronique@veronique.veronique', ' Dans Formateur', 1, '2023-05-31 09:15:46'),
(855, 'veronique@veronique.veronique', ' Dans Formateur', 1, '2023-05-31 09:15:46'),
(856, 'veronique@veronique.veronique', ' Dans Formateur', 1, '2023-05-31 09:15:46'),
(857, 'veronique@veronique.veronique', ' Dans Formation', 1, '2023-05-31 09:15:46'),
(858, 'veronique@veronique.veronique', ' Dans Formation', 1, '2023-05-31 09:15:46'),
(859, 'veronique@veronique.veronique', ' Dans Formation', 1, '2023-05-31 09:15:46'),
(860, 'veronique@veronique.veronique', ' Dans Formation', 1, '2023-05-31 09:15:46'),
(861, 'veronique@veronique.veronique', ' Dans Formation', 1, '2023-05-31 09:15:46'),
(862, 'veronique@veronique.veronique', ' Dans Formateur', 1, '2023-05-31 09:15:59'),
(863, 'veronique@veronique.veronique', ' Dans Formateur', 1, '2023-05-31 09:15:59'),
(864, 'veronique@veronique.veronique', ' Dans Formateur', 1, '2023-05-31 09:15:59'),
(865, 'veronique@veronique.veronique', ' Dans Formateur', 1, '2023-05-31 09:15:59'),
(866, 'veronique@veronique.veronique', ' Dans Formation', 1, '2023-05-31 09:15:59'),
(867, 'veronique@veronique.veronique', ' Dans Formation', 1, '2023-05-31 09:15:59'),
(868, 'veronique@veronique.veronique', ' Dans Formation', 1, '2023-05-31 09:15:59'),
(869, 'veronique@veronique.veronique', ' Dans Formation', 1, '2023-05-31 09:15:59'),
(870, 'veronique@veronique.veronique', ' Dans Formation', 1, '2023-05-31 09:15:59'),
(871, 'veronique@veronique.veronique', ' Dans Formateur', 1, '2023-05-31 09:16:09'),
(872, 'veronique@veronique.veronique', ' Dans Formateur', 1, '2023-05-31 09:16:09'),
(873, 'veronique@veronique.veronique', ' Dans Formateur', 1, '2023-05-31 09:16:09'),
(874, 'veronique@veronique.veronique', ' Dans Formateur', 1, '2023-05-31 09:16:09'),
(875, 'veronique@veronique.veronique', ' Dans Formation', 1, '2023-05-31 09:16:09'),
(876, 'veronique@veronique.veronique', ' Dans Formation', 1, '2023-05-31 09:16:09'),
(877, 'veronique@veronique.veronique', ' Dans Formation', 1, '2023-05-31 09:16:09'),
(878, 'veronique@veronique.veronique', ' Dans Formation', 1, '2023-05-31 09:16:09'),
(879, 'veronique@veronique.veronique', ' Dans Formation', 1, '2023-05-31 09:16:09'),
(880, 'veronique@veronique.veronique', ' Dans Formateur', 1, '2023-05-31 09:16:29'),
(881, 'veronique@veronique.veronique', ' Dans Formateur', 1, '2023-05-31 09:16:29'),
(882, 'veronique@veronique.veronique', ' Dans Formateur', 1, '2023-05-31 09:16:29'),
(883, 'veronique@veronique.veronique', ' Dans Formateur', 1, '2023-05-31 09:16:29'),
(884, 'veronique@veronique.veronique', ' Dans Formation', 1, '2023-05-31 09:16:29'),
(885, 'veronique@veronique.veronique', ' Dans Formation', 1, '2023-05-31 09:16:29'),
(886, 'veronique@veronique.veronique', ' Dans Formation', 1, '2023-05-31 09:16:29'),
(887, 'veronique@veronique.veronique', ' Dans Formation', 1, '2023-05-31 09:16:29'),
(888, 'veronique@veronique.veronique', ' Dans Formation', 1, '2023-05-31 09:16:29'),
(889, 'veronique@veronique.veronique', ' Dans Formateur', 1, '2023-05-31 09:16:48'),
(890, 'veronique@veronique.veronique', ' Dans Formateur', 1, '2023-05-31 09:16:48'),
(891, 'veronique@veronique.veronique', ' Dans Formateur', 1, '2023-05-31 09:16:48'),
(892, 'veronique@veronique.veronique', ' Dans Formateur', 1, '2023-05-31 09:17:11'),
(893, 'veronique@veronique.veronique', ' Dans Formateur', 1, '2023-05-31 09:17:11'),
(894, 'veronique@veronique.veronique', ' Dans Formateur', 1, '2023-05-31 09:17:11'),
(895, 'veronique@veronique.veronique', ' Dans Formateur', 1, '2023-05-31 09:17:13'),
(896, 'veronique@veronique.veronique', ' Dans Formateur', 1, '2023-05-31 09:17:13'),
(897, 'veronique@veronique.veronique', ' Dans Formateur', 1, '2023-05-31 09:17:13'),
(898, 'veronique@veronique.veronique', ' Dans Formateur', 1, '2023-05-31 09:17:14'),
(899, 'veronique@veronique.veronique', ' Dans Formateur', 1, '2023-05-31 09:17:14'),
(900, 'veronique@veronique.veronique', ' Dans Formateur', 1, '2023-05-31 09:17:14'),
(901, '110.akbari.98@gmail.com', 'UPDATE Dans Date_teletravail', 1, '2023-05-31 12:02:04'),
(902, '110.akbari.98@gmail.com', 'UPDATE Dans Date_teletravail', 1, '2023-05-31 12:02:14'),
(903, '110.akbari.98@gmail.com', 'UPDATE Dans Date_teletravail', 1, '2023-05-31 12:05:31'),
(904, '110.akbari.98@gmail.com', 'UPDATE Dans Date_teletravail', 1, '2023-05-31 12:05:43'),
(905, '110.akbari.98@gmail.com', 'UPDATE Dans Date_teletravail', 1, '2023-05-31 12:06:50'),
(906, '110.akbari.98@gmail.com', 'UPDATE Dans Date_teletravail', 1, '2023-05-31 12:07:19'),
(907, '110.akbari.98@gmail.com', 'UPDATE Dans Date_teletravail', 1, '2023-05-31 12:08:01'),
(908, '110.akbari.98@gmail.com', 'UPDATE Dans Date_teletravail', 1, '2023-05-31 12:08:20'),
(909, '110.akbari.98@gmail.com', 'UPDATE Dans Date_teletravail', 1, '2023-05-31 12:09:44'),
(910, '110.akbari.98@gmail.com', 'UPDATE Dans Date_teletravail', 1, '2023-05-31 12:10:00'),
(911, '110.akbari.98@gmail.com', 'INSERT Dans Date_teletravail', 1, '2023-05-31 12:10:37'),
(912, '110.akbari.98@gmail.com', 'INSERT Dans Date_teletravail', 1, '2023-05-31 12:10:53'),
(913, '110.akbari.98@gmail.com', 'UPDATE Dans Date_teletravail', 1, '2023-05-31 12:12:07'),
(914, '110.akbari.98@gmail.com', 'UPDATE Dans Date_teletravail', 1, '2023-05-31 12:12:57'),
(915, '110.akbari.98@gmail.com', 'UPDATE Dans Date_teletravail', 1, '2023-05-31 12:14:26'),
(916, '110.akbari.98@gmail.com', 'UPDATE Dans Date_teletravail', 1, '2023-05-31 12:23:21'),
(917, '110.akbari.98@gmail.com', 'INSERT Dans Date_teletravail', 1, '2023-05-31 12:23:21'),
(918, '110.akbari.98@gmail.com', 'UPDATE Dans Date_teletravail', 1, '2023-05-31 12:24:17'),
(919, '110.akbari.98@gmail.com', 'UPDATE Dans Date_teletravail', 1, '2023-05-31 12:25:40'),
(920, '110.akbari.98@gmail.com', 'INSERT Dans Date_teletravail', 1, '2023-05-31 12:25:40'),
(921, '110.akbari.98@gmail.com', 'UPDATE Dans Date_teletravail', 1, '2023-05-31 12:26:45'),
(922, '110.akbari.98@gmail.com', 'INSERT Dans Date_teletravail', 1, '2023-05-31 12:26:45'),
(923, '110.akbari.98@gmail.com', 'UPDATE Dans Date_teletravail', 1, '2023-05-31 12:27:26'),
(924, '110.akbari.98@gmail.com', 'INSERT Dans Date_teletravail', 1, '2023-05-31 12:27:26'),
(925, '110.akbari.98@gmail.com', 'UPDATE Dans Date_teletravail', 1, '2023-05-31 12:34:39'),
(926, '110.akbari.98@gmail.com', 'UPDATE Dans Date_teletravail', 1, '2023-05-31 12:35:01'),
(927, '110.akbari.98@gmail.com', 'INSERT Dans Date_teletravail', 1, '2023-05-31 12:35:01'),
(928, '110.akbari.98@gmail.com', 'UPDATE Dans Date_teletravail', 1, '2023-05-31 12:35:17'),
(929, '110.akbari.98@gmail.com', 'UPDATE Dans Date_teletravail', 1, '2023-05-31 12:35:56'),
(930, '110.akbari.98@gmail.com', 'INSERT Dans Date_teletravail', 1, '2023-05-31 12:35:56'),
(931, '110.akbari.98@gmail.com', 'UPDATE Dans Date_teletravail', 1, '2023-05-31 12:36:21'),
(932, '110.akbari.98@gmail.com', 'UPDATE Dans Date_teletravail', 1, '2023-05-31 12:37:11'),
(933, '110.akbari.98@gmail.com', 'INSERT Dans Date_teletravail', 1, '2023-05-31 12:37:11'),
(934, '110.akbari.98@gmail.com', 'UPDATE Dans Date_teletravail', 1, '2023-05-31 12:37:36'),
(935, '110.akbari.98@gmail.com', 'UPDATE Dans Date_teletravail', 1, '2023-05-31 12:38:20'),
(936, '110.akbari.98@gmail.com', 'INSERT Dans Date_teletravail', 1, '2023-05-31 12:38:20'),
(937, '110.akbari.98@gmail.com', 'UPDATE Dans Date_teletravail', 1, '2023-05-31 12:38:49'),
(938, '110.akbari.98@gmail.com', 'UPDATE Dans Date_teletravail', 1, '2023-05-31 12:42:31'),
(939, '110.akbari.98@gmail.com', 'UPDATE Dans Date_teletravail', 1, '2023-05-31 12:43:16'),
(940, '110.akbari.98@gmail.com', 'UPDATE Dans Date_teletravail', 1, '2023-05-31 12:44:13'),
(941, '110.akbari.98@gmail.com', 'UPDATE Dans Date_teletravail', 1, '2023-05-31 12:45:40'),
(942, '110.akbari.98@gmail.com', 'UPDATE Dans Date_teletravail', 1, '2023-05-31 12:46:44'),
(943, '110.akbari.98@gmail.com', 'UPDATE Dans Date_teletravail', 1, '2023-05-31 12:47:23'),
(944, '110.akbari.98@gmail.com', 'UPDATE Dans Date_teletravail', 1, '2023-05-31 12:48:34'),
(945, '110.akbari.98@gmail.com', 'UPDATE Dans Date_teletravail', 1, '2023-05-31 12:49:19'),
(946, '110.akbari.98@gmail.com', 'UPDATE Dans Date_teletravail', 1, '2023-05-31 12:49:30'),
(947, '110.akbari.98@gmail.com', 'UPDATE Dans Date_teletravail', 1, '2023-05-31 12:49:47'),
(948, '110.akbari.98@gmail.com', 'UPDATE Dans Date_teletravail', 1, '2023-05-31 12:50:38'),
(949, '110.akbari.98@gmail.com', 'UPDATE Dans Date_teletravail', 1, '2023-05-31 13:49:06'),
(950, '110.akbari.98@gmail.com', 'INSERT Dans Notification', 1, '2023-05-31 13:49:06'),
(951, '110.akbari.98@gmail.com', 'UPDATE Dans Date_teletravail', 1, '2023-05-31 13:51:46'),
(952, '110.akbari.98@gmail.com', 'INSERT Dans Notification', 1, '2023-05-31 13:51:46'),
(953, '110.akbari.98@gmail.com', 'INSERT Dans Date_teletravail', 1, '2023-05-31 13:51:46'),
(954, '110.akbari.98@gmail.com', 'UPDATE Dans Date_teletravail', 1, '2023-05-31 13:52:42'),
(955, '110.akbari.98@gmail.com', 'INSERT Dans Notification', 1, '2023-05-31 13:52:42'),
(956, '110.akbari.98@gmail.com', 'INSERT Dans Date_teletravail', 1, '2023-05-31 13:52:42'),
(957, '110.akbari.98@gmail.com', 'UPDATE Dans Date_teletravail', 1, '2023-05-31 13:53:25'),
(958, '110.akbari.98@gmail.com', 'INSERT Dans Notification', 1, '2023-05-31 13:53:25'),
(959, '110.akbari.98@gmail.com', 'UPDATE Dans Date_teletravail', 1, '2023-05-31 13:55:57'),
(960, '110.akbari.98@gmail.com', 'INSERT Dans Notification', 1, '2023-05-31 13:55:57'),
(961, '110.akbari.98@gmail.com', 'UPDATE Dans Date_teletravail', 1, '2023-05-31 13:56:54'),
(962, '110.akbari.98@gmail.com', 'INSERT Dans Notification', 1, '2023-05-31 13:56:54'),
(963, '110.akbari.98@gmail.com', 'INSERT Dans Date_teletravail', 1, '2023-05-31 13:56:54'),
(964, '110.akbari.98@gmail.com', 'UPDATE Dans Date_teletravail', 1, '2023-05-31 13:59:06'),
(965, '110.akbari.98@gmail.com', 'INSERT Dans Notification', 1, '2023-05-31 13:59:06'),
(966, '110.akbari.98@gmail.com', 'UPDATE Dans Date_teletravail', 1, '2023-05-31 14:04:00'),
(967, '110.akbari.98@gmail.com', 'INSERT Dans Notification', 1, '2023-05-31 14:04:00'),
(968, '110.akbari.98@gmail.com', 'UPDATE Dans Date_teletravail', 1, '2023-05-31 14:07:24'),
(969, '110.akbari.98@gmail.com', 'INSERT Dans Notification', 1, '2023-05-31 14:07:24'),
(970, '110.akbari.98@gmail.com', 'UPDATE Dans Date_teletravail', 1, '2023-05-31 14:08:18'),
(971, '110.akbari.98@gmail.com', 'INSERT Dans Notification', 1, '2023-05-31 14:08:18'),
(972, '110.akbari.98@gmail.com', 'UPDATE Dans Date_teletravail', 1, '2023-05-31 14:09:13'),
(973, '110.akbari.98@gmail.com', 'INSERT Dans Notification', 1, '2023-05-31 14:09:13'),
(974, '110.akbari.98@gmail.com', 'UPDATE Dans Date_teletravail', 1, '2023-05-31 14:10:22'),
(975, '110.akbari.98@gmail.com', 'INSERT Dans Notification', 1, '2023-05-31 14:10:22'),
(976, '110.akbari.98@gmail.com', 'UPDATE Dans Date_teletravail', 1, '2023-05-31 14:11:50'),
(977, '110.akbari.98@gmail.com', 'INSERT Dans Notification', 1, '2023-05-31 14:11:50'),
(978, '110.akbari.98@gmail.com', 'UPDATE Dans Date_teletravail', 1, '2023-05-31 14:23:40'),
(979, '110.akbari.98@gmail.com', 'INSERT Dans Notification', 1, '2023-05-31 14:23:40'),
(980, '110.akbari.98@gmail.com', 'UPDATE Dans Date_teletravail', 1, '2023-05-31 14:41:52'),
(981, '110.akbari.98@gmail.com', 'INSERT Dans Notification', 1, '2023-05-31 14:41:52'),
(982, '110.akbari.98@gmail.com', 'UPDATE Dans Date_teletravail', 1, '2023-05-31 14:45:30'),
(983, '110.akbari.98@gmail.com', 'INSERT Dans Notification', 1, '2023-05-31 14:45:30');

-- --------------------------------------------------------

--
-- Structure de la table `notification`
--

DROP TABLE IF EXISTS `notification`;
CREATE TABLE IF NOT EXISTS `notification` (
  `id_notification` int(11) NOT NULL AUTO_INCREMENT,
  `description_notification` varchar(512) DEFAULT NULL,
  `date_notification` datetime DEFAULT NULL,
  `role` varchar(32) DEFAULT NULL,
  `id_formateur` int(11) NOT NULL,
  PRIMARY KEY (`id_notification`),
  KEY `Notification_Formateur_FK` (`id_formateur`)
) ENGINE=MyISAM AUTO_INCREMENT=17 DEFAULT CHARSET=utf8;

--
-- Déchargement des données de la table `notification`
--

INSERT INTO `notification` (`id_notification`, `description_notification`, `date_notification`, `role`, `id_formateur`) VALUES
(15, 'demand teletravail pour :mardi et mercredi a partir de2023-05-05', '2023-05-31 00:00:00', 'user', 4),
(16, 'demand teletravail pour :mardi et mercredi a partir de2023-06-02', '2023-05-31 14:45:30', 'user', 4);

-- --------------------------------------------------------

--
-- Structure de la table `type_formation`
--

DROP TABLE IF EXISTS `type_formation`;
CREATE TABLE IF NOT EXISTS `type_formation` (
  `id_type_formation` int(11) NOT NULL AUTO_INCREMENT,
  `designation_type_formation` varchar(16) NOT NULL,
  PRIMARY KEY (`id_type_formation`)
) ENGINE=InnoDB AUTO_INCREMENT=5 DEFAULT CHARSET=utf8;

--
-- Déchargement des données de la table `type_formation`
--

INSERT INTO `type_formation` (`id_type_formation`, `designation_type_formation`) VALUES
(1, 'Courte'),
(2, 'Longue'),
(3, 'Continue'),
(4, 'Alternance');

-- --------------------------------------------------------

--
-- Structure de la table `ville`
--

DROP TABLE IF EXISTS `ville`;
CREATE TABLE IF NOT EXISTS `ville` (
  `id_ville` int(11) NOT NULL AUTO_INCREMENT,
  `nom_ville` varchar(128) NOT NULL,
  PRIMARY KEY (`id_ville`)
) ENGINE=InnoDB AUTO_INCREMENT=3 DEFAULT CHARSET=utf8;

--
-- Déchargement des données de la table `ville`
--

INSERT INTO `ville` (`id_ville`, `nom_ville`) VALUES
(1, 'Blois'),
(2, 'Tours');

--
-- Contraintes pour les tables déchargées
--

--
-- Contraintes pour la table `date_centre`
--
ALTER TABLE `date_centre`
  ADD CONSTRAINT `Date_centre_Formation_FK` FOREIGN KEY (`id_formation`) REFERENCES `formation` (`id_formation`);

--
-- Contraintes pour la table `date_certif`
--
ALTER TABLE `date_certif`
  ADD CONSTRAINT `Date_certif_Formation_FK` FOREIGN KEY (`id_formation`) REFERENCES `formation` (`id_formation`);

--
-- Contraintes pour la table `date_intervention`
--
ALTER TABLE `date_intervention`
  ADD CONSTRAINT `Date_intervention_FK` FOREIGN KEY (`id_formateur`) REFERENCES `formateur` (`id_formateur`),
  ADD CONSTRAINT `Date_intervention_formation_FK` FOREIGN KEY (`id_formation`) REFERENCES `formation` (`id_formation`);

--
-- Contraintes pour la table `date_mnsp`
--
ALTER TABLE `date_mnsp`
  ADD CONSTRAINT `date_mnsp_ibfk_1` FOREIGN KEY (`id_formateur`) REFERENCES `formateur` (`id_formateur`);

--
-- Contraintes pour la table `date_pae`
--
ALTER TABLE `date_pae`
  ADD CONSTRAINT `Date_pae_Formation_FK` FOREIGN KEY (`id_formation`) REFERENCES `formation` (`id_formation`);

--
-- Contraintes pour la table `date_perfectionnement`
--
ALTER TABLE `date_perfectionnement`
  ADD CONSTRAINT `date_perfectionnement_ibfk_1` FOREIGN KEY (`id_formateur`) REFERENCES `formateur` (`id_formateur`);

--
-- Contraintes pour la table `date_ran`
--
ALTER TABLE `date_ran`
  ADD CONSTRAINT `Date_ran_Formation_FK` FOREIGN KEY (`id_formation`) REFERENCES `formation` (`id_formation`);

--
-- Contraintes pour la table `date_teletravail`
--
ALTER TABLE `date_teletravail`
  ADD CONSTRAINT `Date_teletravail_Formateur_FK` FOREIGN KEY (`id_formateur`) REFERENCES `formateur` (`id_formateur`);

--
-- Contraintes pour la table `date_vacance`
--
ALTER TABLE `date_vacance`
  ADD CONSTRAINT `Date_vacance_Formateur_FK` FOREIGN KEY (`id_formateur`) REFERENCES `formateur` (`id_formateur`);

--
-- Contraintes pour la table `formateur`
--
ALTER TABLE `formateur`
  ADD CONSTRAINT `Formateur_GRN_FK` FOREIGN KEY (`numero_grn`) REFERENCES `grn` (`numero_grn`),
  ADD CONSTRAINT `Formateur_Ville0_FK` FOREIGN KEY (`id_ville`) REFERENCES `ville` (`id_ville`);

--
-- Contraintes pour la table `formation`
--
ALTER TABLE `formation`
  ADD CONSTRAINT `Formation_Formateur1_FK` FOREIGN KEY (`id_formateur`) REFERENCES `formateur` (`id_formateur`),
  ADD CONSTRAINT `Formation_GRN_FK` FOREIGN KEY (`numero_grn`) REFERENCES `grn` (`numero_grn`),
  ADD CONSTRAINT `Formation_Type_Formation0_FK` FOREIGN KEY (`id_type_formation`) REFERENCES `type_formation` (`id_type_formation`),
  ADD CONSTRAINT `Formation_Ville2_FK` FOREIGN KEY (`id_ville`) REFERENCES `ville` (`id_ville`);

--
-- Contraintes pour la table `interruption`
--
ALTER TABLE `interruption`
  ADD CONSTRAINT `Date_interruption_Formation_FK` FOREIGN KEY (`id_formation`) REFERENCES `formation` (`id_formation`);
COMMIT;

/*!40101 SET CHARACTER_SET_CLIENT=@OLD_CHARACTER_SET_CLIENT */;
/*!40101 SET CHARACTER_SET_RESULTS=@OLD_CHARACTER_SET_RESULTS */;
/*!40101 SET COLLATION_CONNECTION=@OLD_COLLATION_CONNECTION */;
